Ticker,CEO,Year,Age,dominant_gender,dominant_race,dominant_emotion,Woman,Man,asian,indian,black,white,middle eastern,latino hispanic,angry,disgust,fear,happy,sad,surprise,neutral
AAPL,Tim Cook,2011,28,Man,white,happy,0.0031515374,99.99686,0.26489756,0.3717602,0.01642815,77.17208,8.134223,14.0406065,6.092998e-09,1.7263714e-14,5.901342e-11,99.60803,1.0101905e-06,5.1530315e-06,0.39196426
AAPL,Tim Cook,2012,42,Man,white,happy,0.014312769,99.98568,0.0005961301,0.0025068088,1.886181e-05,98.71298,0.8319794,0.45191568,9.649724e-05,2.7764639e-14,2.54841e-10,99.99956,3.0690394e-08,3.228852e-12,0.0003468205
AAPL,Tim Cook,2013,46,Man,white,sad,0.0052765016,99.99472,0.00031106186,0.0011484056,5.5728974e-06,98.948395,0.6348383,0.4152894,17.39757,1.566626e-06,0.19842853,0.08763137,46.16572,0.014445133,36.136204
AAPL,Tim Cook,2014,43,Man,white,angry,0.0105681205,99.989426,1.7524974,5.252789,0.19242696,46.372734,33.576042,12.853511,72.51926,9.066945e-09,0.008379727,0.040728524,8.794817,1.5692212e-05,18.636806
AAPL,Tim Cook,2015,37,Man,white,happy,0.0036185626,99.996376,2.2345474,2.9122598,0.7163788,55.38141,19.049858,19.705553,1.3825783e-05,3.38582e-07,0.034944806,99.9142,0.00027738567,0.0005245459,0.05003918
AAPL,Tim Cook,2016,31,Man,white,happy,0.0009917534,99.99901,0.8922144,1.2093605,0.22136983,63.10641,18.35541,16.215244,6.0631417e-10,5.2672045e-18,2.817996e-12,99.99995,2.7585542e-10,6.862359e-10,5.4681896e-05
AAPL,Tim Cook,2017,24,Man,latino hispanic,happy,0.00019422069,99.99981,6.1272306,7.2027354,1.093008,32.845863,18.101158,34.630005,1.6296091e-05,2.872182e-10,1.564896e-07,98.991516,4.327378e-05,1.8007828e-05,1.0084138
AAPL,Tim Cook,2018,29,Man,white,sad,0.018922783,99.98108,0.2159905,0.10946074,0.008643583,83.81789,3.4346733,12.413347,1.206383,0.0004622113,0.72707033,0.001009881,97.44584,2.2716558e-05,0.6192109
AAPL,Tim Cook,2019,38,Man,white,neutral,0.080161296,99.91984,2.859453,2.8207264,0.76376486,52.43663,17.458334,23.661095,9.8791485,7.292738e-06,0.39582884,0.038912058,0.9442154,0.054672617,88.68722
MSFT,Steve Ballmer,2010,27,Man,white,fear,10.802033,89.19796,3.012277,2.246411,0.37338883,63.455276,10.873955,20.03869,0.02524495,0.0007605894,98.0642,0.0017278665,1.6252248,4.666494e-05,0.2827976
MSFT,Steve Ballmer,2011,41,Man,white,happy,0.10670181,99.8933,0.45771053,0.17660017,0.012687751,85.56225,8.038649,5.7521152,2.477012e-05,9.564398e-15,9.875001e-09,99.9077,4.1839118e-07,0.00016543985,0.09211229
MSFT,Steve Ballmer,2012,46,Man,white,angry,0.0031436249,99.99686,0.021180354,0.069949724,0.0035055892,89.31532,7.58316,3.0068889,76.74357,4.4189706,10.860564,0.042031977,7.131925,0.7750828,0.02786385
MSFT,Steve Ballmer,2013,40,Man,white,neutral,0.016131721,99.98387,0.16359638,0.12698394,0.006610682,91.58106,4.990462,3.1312897,2.9231782,0.00082090363,0.083016925,4.2836895,2.7272842,0.0873375,89.89468
MSFT,Satya Nadella,2014,24,Man,middle eastern,angry,0.03458033,99.965416,2.6147504,7.510193,0.69112724,30.626688,38.8513,19.70594,49.6604,5.9117566e-10,1.4754752,4.010524,4.8128686,0.0036304712,40.037106
MSFT,Satya Nadella,2015,39,Man,white,happy,0.013072927,99.98692,0.09205255,0.3539647,0.011088212,84.12668,11.618193,3.7980173,22.819141,1.4986295e-13,3.927658e-08,77.1608,1.4108959e-05,2.5360305e-05,0.020020477
MSFT,Satya Nadella,2016,34,Man,latino hispanic,angry,0.22823806,99.77176,9.821168,15.460925,3.587083,18.099543,19.279245,33.75204,65.06952,0.00091639976,2.420168,0.04620868,4.9989843,5.6601257e-06,27.46419
MSFT,Satya Nadella,2017,29,Man,middle eastern,fear,0.00019716745,99.999794,1.2207793,14.181368,0.97908443,13.543243,53.348915,16.726612,9.271479,1.9750608e-09,63.044785,18.604683,0.55613273,0.3520206,8.170902
MSFT,Satya Nadella,2018,27,Man,middle eastern,happy,0.029555585,99.97044,7.21503,16.689514,7.2783465,22.346844,30.13796,16.332312,6.141383e-07,9.362545e-14,3.6421993e-06,99.74137,1.3017393e-05,3.2056212e-06,0.25859487
MSFT,Satya Nadella,2019,31,Man,asian,happy,0.024851097,99.97515,22.102974,12.463382,6.4977093,19.799494,18.506855,20.62958,2.7928603e-12,1.804022e-19,0.00011339618,99.999855,3.5022606e-06,3.1598097e-12,2.3357412e-05
NVDA,Jensen Huang,2010,37,Man,asian,fear,0.0035690067,99.99644,93.16338,1.5655407,0.9581119,1.0181414,0.05186289,3.2429516,0.07327113,1.6777028e-07,59.487236,0.02290496,6.375212,0.0006190683,34.040756
NVDA,Jensen Huang,2011,34,Man,asian,sad,0.17286958,99.82713,99.74526,0.053166803,0.00022242093,0.095942594,1.6751283e-05,0.10539982,0.70039386,2.0371028e-06,8.995663,0.03222105,65.86717,0.000384619,24.404161
NVDA,Jensen Huang,2013,34,Man,asian,angry,0.30967838,99.69032,85.72772,3.7075875,2.1644006,2.5949423,0.42448294,5.3808703,99.02584,6.0606308e-06,0.089014955,0.004359616,0.8802342,1.6670663e-06,0.0005472547
NVDA,Jensen Huang,2014,45,Man,asian,sad,0.1177432,99.88225,84.28639,6.5319614,0.58305967,3.0515046,0.1896423,5.357441,13.194555,0.00549389,6.3544683,0.17790657,76.95,0.048113704,3.2694643
NVDA,Jensen Huang,2015,45,Man,asian,sad,0.07320131,99.926796,95.000336,1.6322827,0.026590953,1.9741936,0.027715243,1.3388802,5.957172,0.015331477,5.51688,0.053719763,86.42729,0.028049398,2.0015569
NVDA,Jensen Huang,2016,41,Man,asian,sad,0.10351342,99.89649,88.43527,5.506346,0.24954663,1.7662511,0.052405998,3.9901805,25.673601,0.0007223638,2.274656,0.12438717,70.10181,0.017812619,1.8070236
NVDA,Jensen Huang,2017,44,Man,asian,neutral,0.0653605,99.93465,53.85419,6.3728557,2.1364386,23.675161,4.9331446,9.028209,4.9330244,0.001334554,0.28923783,2.309584,12.350746,1.9736824,78.14239
NVDA,Jensen Huang,2018,46,Man,asian,angry,0.12272175,99.87728,90.59393,3.2334168,0.1341108,3.175832,0.072042756,2.7906663,61.38312,0.11887354,12.016292,0.3576565,10.690183,0.40388483,15.02998
NVDA,Jensen Huang,2019,40,Man,asian,angry,0.68793684,99.31206,69.71279,7.8594832,1.6527237,10.097078,4.1542807,6.523635,80.862785,0.7469411,8.384165,0.0029270921,0.025684366,9.975569,0.0019303954
AVGO,Scott A. McGregor,2011,39,Man,white,fear,2.8851268,97.114876,1.5503514,0.10361583,0.041158296,93.92942,2.5664575,1.808994,0.37611175,1.2401067e-07,84.08435,6.158874e-05,15.249376,6.231864e-05,0.29004312
AVGO,Scott A. McGregor,2012,49,Man,asian,happy,0.316918,99.683075,77.9933,0.9000371,1.6252309,15.511129,0.7632025,3.2070966,0.000688472,2.278847e-06,0.00954065,98.70389,0.013295036,0.0082644485,1.26431
AVGO,Scott A. McGregor,2013,44,Man,asian,angry,49.402157,50.59784,27.130632,12.770545,13.568548,14.959603,14.050434,17.520245,82.0061,0.0014998533,0.04724537,1.9684399,2.8249836,2.6367085,10.515027
AVGO,Scott A. McGregor,2015,39,Man,white,surprise,1.0706972,98.9293,0.0022169387,2.1703963e-05,3.498657e-07,99.96754,0.017782379,0.012444304,0.011837967,3.817445e-06,0.23601034,0.0006783256,0.0012592097,99.75016,3.9472816e-05
AVGO,Hock Tan,2016,45,Man,asian,neutral,0.13096027,99.86904,89.6459,3.8323662,0.92628515,1.2163689,0.10438975,4.274691,7.67904,1.1570632,2.1425717,4.4184446,35.951622,1.1157489,47.53551
AVGO,Hock Tan,2017,46,Man,asian,neutral,0.22131325,99.77869,72.67662,7.183968,2.9527767,4.420487,0.9475519,11.818592,0.24717173,0.0009963694,0.8594735,12.406513,2.336892,1.3985894,82.75036
AVGO,Hock Tan,2018,50,Man,asian,happy,0.10289341,99.89711,94.682076,2.8962097,0.2273914,0.1321172,0.002454083,2.0597548,0.0020205828,4.0477777e-09,3.1373015e-06,99.982765,0.0006328856,0.00032310394,0.014256295
AVGO,Hock Tan,2019,43,Man,asian,sad,0.0922592,99.907745,88.33344,4.7986674,1.0213974,0.96794236,0.08098174,4.797569,11.46128,0.71968234,3.199388,11.411751,59.82683,4.3936014,8.987466
ADBE,Shantanu Narayen,2010,29,Man,latino hispanic,happy,0.018458698,99.98154,10.278209,15.644682,9.312906,18.30002,16.801365,29.66282,2.1416953e-13,3.173412e-24,1.4216438e-16,99.99896,9.441115e-10,1.4855322e-11,0.0010381644
ADBE,Shantanu Narayen,2011,39,Man,asian,neutral,0.00037914523,99.99962,25.000977,13.536148,9.686376,14.697531,14.267984,22.810987,18.201693,3.2542697e-08,0.010641984,0.009915957,1.3726481,0.0001579844,80.40495
ADBE,Shantanu Narayen,2012,38,Man,black,sad,0.62729067,99.37271,20.606318,17.179035,22.868681,10.305519,9.039112,20.001339,32.75733,0.00033168888,7.462835,0.0033681088,49.02622,0.00046078424,10.749458
ADBE,Shantanu Narayen,2013,24,Man,middle eastern,happy,0.018659972,99.98134,0.40858668,10.568089,0.868423,15.43037,64.793465,7.9310656,4.264201e-10,1.9246767e-23,3.8097144e-16,99.881516,8.312772e-09,6.983835e-10,0.11848385
ADBE,Shantanu Narayen,2014,46,Man,middle eastern,neutral,0.04412981,99.955864,4.5190396,27.324253,6.6391325,10.18306,28.464243,22.870274,13.426053,8.34128e-11,0.012695281,3.8962928e-05,4.091077,1.1367675e-06,82.47014
ADBE,Shantanu Narayen,2015,43,Man,middle eastern,angry,0.24691184,99.75309,9.372796,20.734995,7.290857,17.660383,28.232815,16.708162,74.13225,0.001980578,1.7266749,0.38011327,10.878821,0.21025948,12.669908
ADBE,Shantanu Narayen,2016,26,Man,black,fear,1.5749103,98.42509,3.3538017,1.1133833,94.06347,0.19652317,0.056988887,1.2158421,3.0923152,0.013751744,82.90284,0.1310037,3.2867649,0.52066326,10.052657
ADBE,Shantanu Narayen,2017,43,Man,indian,neutral,0.0002579825,99.99974,5.117781,33.337273,9.123,12.891615,23.027908,16.502424,5.4077897,2.0577977e-06,0.019766469,1.8297209,0.34756172,0.04346865,92.35169
ADBE,Shantanu Narayen,2018,42,Man,latino hispanic,neutral,0.00029813335,99.9997,23.545237,17.290981,8.627684,12.042792,13.729536,24.763775,14.845206,5.6687943e-09,0.0042810594,0.11559352,0.5318423,0.0001637666,84.502914
ADBE,Shantanu Narayen,2019,43,Man,asian,angry,48.532803,51.467194,25.114086,13.633114,14.096178,14.71871,14.585367,17.852545,81.841576,0.0015924148,0.05046733,2.0299532,2.901255,2.6170995,10.558059
CSCO,John T. Chambers,2011,31,Man,white,angry,0.04840601,99.95159,0.00040098475,3.3534965e-05,5.0192574e-07,99.84271,0.056257498,0.10060337,70.96909,0.069969736,0.047737285,25.928467,0.29274374,1.7892104e-05,2.6919732
CSCO,John T. Chambers,2012,43,Man,asian,sad,0.0640338,99.93597,76.743416,0.15249772,0.090662345,19.132298,1.0696949,2.8114295,11.716137,0.0042062365,4.2763457,9.094257,61.603493,0.26351646,13.04205
CSCO,John T. Chambers,2013,33,Man,asian,sad,0.065398626,99.93459,51.005035,3.4896998,3.3001144,17.79648,4.4555025,19.953165,14.354258,8.4966385e-05,6.653239,0.004992773,75.14737,0.0005491,3.839502
CSCO,John T. Chambers,2014,41,Man,white,neutral,0.014428833,99.985565,0.016796516,0.009529274,0.0002627193,97.9394,0.7249866,1.3090189,0.0011815962,4.557393e-13,1.836237e-05,0.55025655,0.003133916,1.826183e-07,99.44541
CSCO,Chuck Robbins,2015,39,Man,white,happy,0.39133105,99.60867,0.11499665,0.1852061,0.02173658,77.87091,9.279662,12.527488,0.70982295,0.0025009105,0.07668647,95.98791,0.5547952,0.12216476,2.5461185
CSCO,Chuck Robbins,2016,32,Man,white,happy,0.063638404,99.93636,3.2909284,3.4436524,0.8225915,44.074802,18.228104,30.139915,4.3820777,1.0087906,0.21386006,86.09788,7.09955,0.03393682,1.1639136
CSCO,Chuck Robbins,2017,31,Man,latino hispanic,fear,0.20642558,99.79358,9.358355,4.561326,2.785828,34.383083,11.459592,37.451824,3.8488126,0.16041768,57.762455,1.6934897,35.245144,0.6564378,0.63324976
CSCO,Chuck Robbins,2018,23,Man,white,happy,0.0014421772,99.99856,0.050543074,0.114397146,0.010046194,87.08356,3.4873176,9.254137,3.9234383e-05,7.8948074e-07,0.00034037087,99.522964,0.00937858,0.00034561986,0.46693337
CSCO,Chuck Robbins,2019,23,Man,white,happy,0.0014844128,99.99851,0.08417471,0.20193467,0.019572485,83.27633,4.9507055,11.467281,1.998507e-05,3.295529e-08,4.3460164e-05,99.89993,0.0019517073,0.00019715661,0.097859606
ORCL,Larry Ellison,2010,45,Man,white,fear,0.111210465,99.888794,0.013032378,0.05408209,0.0011828002,93.19037,4.9606657,1.7806696,11.334169,0.052809045,82.643105,1.4328078,0.0034371843,4.50286,0.030814717
ORCL,Larry Ellison,2012,30,Man,latino hispanic,angry,0.01545572,99.984535,19.6025,15.594217,11.805489,13.885981,10.923735,28.18808,48.09778,5.7487617,9.970167,0.10463155,11.3740225,4.6865706,20.01806
ORCL,Larry Ellison,2013,44,Man,white,happy,0.0015018187,99.9985,2.4585273,0.7994604,0.16196881,74.665596,8.376321,13.538125,0.16899294,0.11252548,6.5590935,57.093353,1.5392193,0.37517834,34.15164
ORCL,Safra Catz & Mark Hurd,2014,43,Man,white,happy,0.09659657,99.903404,0.0041571273,0.00490654,2.5781237e-05,97.860306,1.048137,1.0824744,0.28733662,0.0032069176,0.33968318,95.78536,0.037930332,1.1564745,2.390002
ORCL,Safra Catz & Mark Hurd,2015,28,Man,white,happy,0.0059112017,99.99409,4.6803927,6.1757913,1.1476288,34.666016,27.289003,26.041174,3.308562e-05,5.495687e-07,0.00072513166,99.914604,2.8544744e-05,0.0008691776,0.083736084
ORCL,Safra Catz & Mark Hurd,2016,30,Man,white,sad,0.08176897,99.91823,0.03434055,0.06015952,0.0009457431,90.933334,4.977587,3.993637,0.024044432,1.10325594e-13,0.29899633,0.07447542,73.371956,1.0726966,25.157827
ORCL,Safra Catz & Mark Hurd,2017,30,Man,white,sad,0.08176897,99.91823,0.03434055,0.06015952,0.0009457431,90.933334,4.977587,3.993637,0.024044432,1.10325594e-13,0.29899633,0.07447542,73.371956,1.0726966,25.157827
ORCL,Safra Catz & Mark Hurd,2018,30,Man,white,sad,0.08176897,99.91823,0.03434055,0.06015952,0.0009457431,90.933334,4.977587,3.993637,0.024044432,1.10325594e-13,0.29899633,0.07447542,73.371956,1.0726966,25.157827
ORCL,Safra Catz & Mark Hurd,2019,30,Man,white,surprise,0.09012218,99.90988,0.7374467,0.14459458,0.013364685,92.368286,2.5325193,4.2037926,0.09995834,4.3932363e-05,0.59174037,40.273018,0.030341819,58.94745,0.057450254
CRM,Marc Benioff,2010,29,Man,white,happy,33.689804,66.31019,27.002659,1.9560498,1.2936274,45.540264,9.565041,14.642364,0.01204949,3.8011976e-15,5.8021237e-06,85.61628,14.310829,1.8938785e-11,0.06083723
CRM,Marc Benioff,2011,44,Man,white,sad,0.0004950708,99.9995,3.9388993,6.5081015,3.5322313,34.07777,23.807722,28.135279,19.8431,0.0002686203,3.850328,0.20973438,42.270008,0.2892825,33.537273
CRM,Marc Benioff,2012,28,Man,white,sad,0.011208556,99.98879,1.7753698,4.8773403,2.6095965,59.906994,17.175133,13.655565,0.11510177,3.496466e-06,2.360207,0.58493644,53.730003,0.00028060752,43.20947
CRM,Marc Benioff,2013,41,Man,white,sad,0.0021754627,99.99783,0.26355132,0.9021719,0.18390462,73.027756,18.039494,7.583128,11.332392,0.0040473207,14.464823,0.3448068,72.39737,0.030803889,1.4257573
CRM,Marc Benioff,2014,44,Man,black,fear,0.1669332,99.83307,6.373096,6.5885863,50.97485,7.9026375,5.545651,22.61517,5.548472,0.043778956,55.16955,0.022891099,32.185932,0.09075653,6.9386234
CRM,Marc Benioff,2016,33,Man,white,angry,0.58330184,99.416695,1.9291815,0.67376673,0.22163995,71.111176,10.983942,15.080294,54.5985,0.010882807,30.425133,0.008029187,14.039229,0.005318769,0.91291595
CRM,Marc Benioff,2017,37,Man,latino hispanic,sad,0.0069030006,99.993095,14.079163,7.838573,6.434512,22.704725,11.647861,37.29517,0.17621866,0.0037014117,1.807135,0.016582802,92.066345,0.0024270352,5.9275913
CRM,Marc Benioff,2018,51,Man,white,happy,0.00020239674,99.999794,0.50967366,0.7749484,0.11324013,73.44566,14.744113,10.412368,0.017369801,2.4339406e-05,7.676301,82.213776,0.052845396,0.31751537,9.72217
CRM,Marc Benioff,2019,40,Man,white,neutral,0.0013954625,99.998604,0.32683295,0.2122702,0.03177422,84.44348,5.240887,9.744764,0.9804418,1.5810153e-07,3.6001694,0.70650506,0.33153778,0.0017296181,94.37962
INTC,Paul Otellini,2010,46,Man,white,neutral,0.17147231,99.82852,0.012273117,0.17990729,0.0040663914,83.6117,13.643931,2.548119,4.541346,0.010085005,28.762478,16.207417,10.123799,1.3982582,38.95662
INTC,Paul Otellini,2011,25,Man,white,angry,18.027975,81.97203,0.028964905,0.0049673435,0.0018002967,98.44828,1.1547283,0.36125547,99.99381,1.7679804e-07,0.0025283091,0.00013029901,0.0027624224,8.742344e-08,0.00076639437
INTC,Paul Otellini,2012,38,Man,white,happy,0.07208497,99.92792,0.00021639548,0.00096381304,1.0062282e-05,98.33463,1.0916315,0.5725528,0.0048710727,1.5148382e-08,4.297468e-05,99.6603,0.00018190058,0.0063310247,0.32827356
INTC,Brian Krzanich,2013,39,Man,white,fear,0.4756484,99.524345,4.7139845e-05,2.616252e-05,3.0997757e-07,99.766624,0.17730114,0.056005858,0.25274426,1.8150986e-05,62.47283,1.1135223,28.4644,7.616308,0.080185756
INTC,Brian Krzanich,2014,43,Man,white,sad,0.0037586128,99.99625,0.00019544044,0.03145038,1.77134e-05,71.96638,26.502054,1.4999115,0.5206083,0.0005282459,28.226706,0.15279093,70.4604,0.008527261,0.630433
INTC,Brian Krzanich,2015,50,Man,white,happy,0.10083657,99.89917,0.1807794,0.24176866,0.0059888754,81.940315,8.731005,8.900146,2.2513003e-08,2.831117e-17,5.6103507e-11,99.99972,2.0698683e-09,7.6539406e-16,0.00028212307
INTC,Brian Krzanich,2016,52,Man,white,fear,0.47076643,99.52923,0.13023739,0.24203612,0.009732656,83.09331,8.776292,7.7483916,3.1124647,0.13902372,54.69305,4.4072843,29.54427,0.009149198,8.094755
INTC,Brian Krzanich,2017,37,Man,white,happy,0.022528335,99.97748,0.06952793,0.318663,0.011905698,55.09748,36.41795,8.084472,1.6417246e-09,1.9105214e-12,5.1383473e-08,99.89845,3.9585275e-06,0.00017670519,0.10136943
INTC,Bob Swan,2018,26,Man,latino hispanic,happy,0.005153767,99.99485,4.4232283,11.803021,4.9117117,22.26254,23.690058,32.909443,2.176783e-05,2.1484851e-10,2.452154e-05,99.99338,2.2612954e-05,2.4722078e-06,0.006551099
INTC,Bob Swan,2019,27,Man,latino hispanic,happy,0.0058878427,99.99411,7.241172,14.842278,7.8182516,16.251951,24.653173,29.193174,2.1684625e-06,1.1229746e-10,1.9857973e-07,99.856804,4.890734e-06,2.4117512e-06,0.14319193
TXN,Richard K. Templeton,2010,27,Man,white,neutral,0.0025731348,99.99742,3.0724468,1.4107714,0.28901562,61.0901,14.37887,19.7588,4.985803,0.014749281,1.0149788,0.9562622,20.25152,0.01449542,72.7622
TXN,Richard K. Templeton,2011,27,Man,white,neutral,0.0025731348,99.99742,3.0724468,1.4107714,0.28901562,61.0901,14.37887,19.7588,4.985803,0.014749281,1.0149788,0.9562622,20.25152,0.01449542,72.7622
TXN,Richard K. Templeton,2012,33,Man,asian,sad,0.0023466437,99.99765,32.571438,9.822426,20.182335,8.828189,6.8214383,21.774168,15.518549,3.7577503,2.431676,24.969744,33.681664,4.955812,14.684805
TXN,Richard K. Templeton,2014,38,Man,white,neutral,0.009629983,99.99037,8.526937,2.3970406,0.7340226,54.76913,16.617582,16.955294,29.111221,0.00905804,1.6550196,22.506706,9.626566,0.35414803,36.73728
TXN,Richard K. Templeton,2016,38,Man,latino hispanic,neutral,0.0003841219,99.99962,7.9569745,8.711127,2.1453772,27.911165,24.103788,29.17157,28.124659,0.015036375,1.204848,28.88825,3.4650846,0.20461018,38.09751
TXN,Richard K. Templeton,2017,38,Man,white,happy,0.0018956016,99.99811,0.009281931,0.006191939,0.00035703304,96.11084,1.2467033,2.6266272,1.9612713e-07,3.6403126e-15,1.5176453e-10,63.940956,1.4071073e-05,1.33715385e-08,36.059036
TXN,Brian Crutcher,2018,45,Man,white,happy,0.10793302,99.89207,0.00085633236,0.0005325904,1.8479339e-05,99.49962,0.18434544,0.31462747,6.836771e-12,2.2780215e-19,3.8005215e-12,99.994225,2.8216132e-10,1.98943e-06,0.0057756864
TXN,Brian Crutcher,2019,40,Man,white,happy,0.15615329,99.84384,0.00053337915,0.00020708443,3.7954164e-06,99.48224,0.14251675,0.37450206,2.6371654e-12,1.629327e-21,8.880517e-16,99.986694,1.6720646e-10,2.520721e-07,0.013307581
QCOM,Paul E. Jacobs,2010,48,Man,white,sad,0.31800264,99.682,0.004538166,0.005768401,0.000107990236,96.71887,1.9806833,1.2900234,35.496986,2.1779108e-08,0.10002325,24.387434,39.9138,2.3817322e-05,0.101740815
QCOM,Paul E. Jacobs,2011,29,Man,white,happy,0.11360575,99.88639,0.0004325372,0.00011934611,7.2734556e-06,99.32706,0.22774358,0.44464523,1.3786995e-06,1.7335365e-10,7.3629235e-05,99.13313,0.0009673226,8.8513974e-05,0.8657325
QCOM,Steve Mollenkopf,2015,39,Man,white,happy,0.094679736,99.90532,1.1452793e-09,7.6353736e-11,6.872624e-15,99.99996,1.725278e-05,1.9026551e-05,5.7331477e-22,0.0,3.126221e-26,100.0,1.0888747e-19,1.8204777e-19,1.3739124e-07
QCOM,Steve Mollenkopf,2016,37,Man,white,happy,0.17298564,99.82702,1.6923096e-09,1.2017078e-10,6.5814375e-15,99.99998,6.7377227e-06,1.58799e-05,7.4056395e-08,5.016065e-25,8.184661e-18,100.0,8.687302e-11,7.847593e-14,1.9000628e-07
QCOM,Steve Mollenkopf,2018,41,Man,white,happy,0.110388696,99.88961,3.739803e-07,1.7411706e-08,6.958646e-12,99.99839,0.00094468164,0.00067595823,1.0130204e-11,2.6871967e-20,2.5561907e-13,99.99996,1.5348807e-10,1.2392364e-11,3.9707986e-05
QCOM,Steve Mollenkopf,2019,40,Man,white,angry,3.8957167,96.10428,0.73495835,0.25980073,0.035471138,80.93036,6.005441,12.033968,96.631,0.008843424,2.2122934,0.22332253,0.627073,0.012377269,0.28509665
IBM,Virginia Rometty,2012,35,Man,white,neutral,17.128757,82.87124,0.20094697,0.006814041,0.00085824355,95.24008,0.93386436,3.6174335,1.027091,9.549417e-06,1.9483352,0.61586595,21.957188,0.99701,73.4545
IBM,Virginia Rometty,2013,40,Man,white,fear,14.864156,85.13584,3.4745206e-06,2.3212717e-06,6.142138e-08,99.95366,0.003756156,0.042574376,0.009090718,1.728115e-08,99.94481,0.037245292,0.00081624195,0.008018454,2.0279123e-05
IBM,Virginia Rometty,2014,36,Woman,white,happy,86.580505,13.419488,0.00014702641,6.94056e-05,2.9954148e-07,99.91797,0.06427021,0.017546467,5.950451e-11,1.0216306e-21,1.4952999e-12,99.99158,2.0673445e-09,2.5118177e-06,0.008422262
IBM,Virginia Rometty,2015,26,Man,white,neutral,13.517733,86.48227,7.011589,13.245062,5.54995,27.760433,24.329742,22.10323,6.0773123e-12,2.464527e-30,0.008986466,7.3285344e-10,0.00012291102,1.3666082e-07,99.99089
IBM,Virginia Rometty,2016,35,Woman,white,happy,58.258266,41.741734,0.18952173,0.03169994,0.0050212536,92.65856,1.9086475,5.2065496,0.00012501354,5.2297283e-17,7.0285533e-10,99.998055,4.4864564e-07,4.2655838e-08,0.0018132457
IBM,Virginia Rometty,2017,31,Woman,white,neutral,99.973495,0.026501544,3.347899e-07,1.4873308e-07,4.6202206e-10,99.991196,0.0024335193,0.006374699,7.820593,4.1805556e-06,0.27075216,0.09700669,1.3671463,0.05121419,90.39328
IBM,Virginia Rometty,2018,32,Woman,white,happy,99.947495,0.05250708,0.0016872195,0.001003735,1.6805727e-05,98.55465,0.46016195,0.9824913,5.469016e-08,3.8758108e-13,1.5483993e-08,99.97363,1.3882133e-06,5.0198953e-08,0.02637033
IBM,Virginia Rometty,2019,32,Woman,white,happy,66.506714,33.49329,0.032280702,0.026821401,0.0022696168,96.819214,1.3747772,1.7446481,3.6566319e-06,7.333712e-15,1.711942e-08,99.954,3.9799008e-07,1.6175961e-06,0.04597989
PYPL,John Donahoe (under eBay),2010,45,Man,white,surprise,1.7983599,98.20164,2.1027382e-09,7.098951e-10,1.1892819e-12,99.99941,0.00039003807,0.00020013303,0.35472,1.6749289e-06,12.355772,0.8931584,0.43333066,84.64734,1.3156823
PYPL,John Donahoe (under eBay),2011,33,Man,white,happy,0.025070967,99.97492,1.6534916e-06,1.4262029e-05,7.002281e-08,99.86902,0.0751985,0.055771135,3.0909773e-12,7.816053e-27,2.5915897e-19,99.964165,6.2381635e-11,8.848168e-09,0.035836045
PYPL,John Donahoe (under eBay),2012,36,Man,white,angry,0.054461807,99.94554,0.00018382526,0.0010393326,5.7090697e-06,98.625984,0.7605295,0.61226463,57.828384,0.00051141693,3.145175,3.866082,1.9091879,2.5343149,30.716337
PYPL,John Donahoe (under eBay),2013,46,Man,white,neutral,0.055299055,99.9447,2.6369959e-08,2.9520464e-07,7.0385836e-10,99.995125,0.0039807484,0.0008923634,3.3361926,0.0035338206,3.9745781,3.4076188,43.28269,0.0898324,45.905563
PYPL,John Donahoe (under eBay),2014,35,Man,white,neutral,1.753011,98.246994,0.010680081,0.015562903,0.0006602061,96.58049,1.7986623,1.5939382,0.021702914,8.644523e-10,0.011101733,0.002635123,0.13477379,0.008611057,99.821175
PYPL,Dan Schulman,2015,37,Man,white,neutral,0.20757218,99.79242,3.6115654,4.7978606,0.9566212,42.601086,17.935858,30.097004,0.038812518,4.5239557e-10,0.00010243198,0.043742754,0.057398204,0.00011743593,99.85983
PYPL,Dan Schulman,2016,35,Man,white,surprise,0.16851528,99.83148,2.1717875,5.1163383,0.80929327,34.846214,30.544216,26.51215,0.16816542,4.031113,0.14147043,0.00017369814,0.0028439371,95.65621,2.4670055e-05
PYPL,Dan Schulman,2017,39,Man,white,neutral,0.193137,99.80686,2.7365851,4.445629,0.555509,43.645874,16.32847,32.287933,0.028000033,9.225072e-08,0.0001806911,13.607374,0.4680817,0.0008106559,85.89555
PYPL,Dan Schulman,2018,33,Man,white,neutral,0.024542728,99.975464,0.37149704,0.5376311,0.019646944,52.790657,11.821465,34.459095,0.6082254,0.00016949099,6.1200933,9.798633,3.1630018,1.1078103,79.202065
PYPL,Dan Schulman,2019,44,Man,latino hispanic,happy,0.35140973,99.6486,5.5320377,9.934996,1.2985849,27.133995,25.893625,30.206764,0.0031700695,8.210513e-05,0.00071114604,98.02822,0.02421575,2.2555152e-07,1.9436038
NOW,Fred Luddy,2010,40,Man,white,happy,0.121014394,99.87898,0.001064267,0.0016245632,2.6401116e-05,98.1352,0.93806523,0.9240205,1.7789272e-07,4.884246e-10,8.083616e-06,99.52729,1.9504649e-05,0.00017100558,0.47251454
NOW,Fred Luddy,2011,40,Man,white,happy,0.121014394,99.87898,0.001064267,0.0016245632,2.6401116e-05,98.1352,0.93806523,0.9240205,1.7789272e-07,4.884246e-10,8.083616e-06,99.52729,1.9504649e-05,0.00017100558,0.47251454
NOW,Frank Slootman,2012,44,Man,white,happy,0.19705549,99.80294,0.0006287282,0.00026148773,3.397827e-06,99.44245,0.2539732,0.3026672,0.04395672,0.9516847,0.16322552,97.31669,0.0102458745,0.14373177,1.3704633
NOW,Frank Slootman,2013,44,Man,white,angry,0.23306943,99.76693,0.008589184,0.0178396,0.00017164504,95.45227,2.531607,1.9895213,72.24954,0.2944787,1.0523897,0.43032935,20.279976,0.002354757,5.690924
NOW,Frank Slootman,2014,50,Man,white,sad,0.3472236,99.65277,5.7697995e-05,4.4036795e-05,2.2898709e-07,99.84498,0.066724464,0.08819656,39.582973,2.8320363e-08,0.05019901,0.0200609,60.264267,6.3722227e-06,0.082499824
NOW,Frank Slootman,2015,42,Man,white,happy,0.18124612,99.81875,0.0003682637,0.00016604867,1.924419e-06,99.53391,0.21534711,0.2502009,0.037111558,0.99953824,0.82641447,96.86989,0.040384166,0.08206416,1.1446017
NOW,Frank Slootman,2016,31,Man,white,happy,2.3480487,97.65195,19.442755,2.0349944,3.1069467,49.747204,4.5592613,21.108845,0.000388428,2.5870858e-10,4.952407e-06,98.8549,0.0088117,0.028448641,1.1074601
NOW,John Donahoe,2017,41,Man,white,happy,1.6077274,98.392265,1.0152193e-05,5.2271766e-06,2.7645052e-08,99.95366,0.024037436,0.022283446,9.952829e-14,4.6475085e-24,3.3101696e-15,99.99828,2.4129703e-11,2.8595862e-08,0.0017165918
NOW,John Donahoe,2018,36,Man,white,neutral,0.20499551,99.795,5.322961,3.4457338,0.7281779,68.8557,9.50318,12.144249,0.012792877,1.1037288e-14,2.7677129e-06,43.190853,0.0006015067,0.042147566,56.7536
NOW,John Donahoe,2019,35,Man,white,angry,0.44030404,99.55969,4.0455413,8.690581,3.0589921,34.369305,26.528275,23.307308,91.57311,0.00047759505,0.62428534,0.4000647,7.3983083,3.2162934e-05,0.0037203813
INTU,Brad Smith,2010,27,Man,white,happy,0.0027874243,99.99721,17.736729,6.5857387,5.0730934,36.87503,11.460961,22.268454,1.9685175e-11,7.988557e-20,9.0529355e-11,99.99459,2.8477648e-10,6.987483e-08,0.0054165726
INTU,Brad Smith,2011,31,Man,white,happy,0.22052369,99.77947,0.0032552758,0.0018488999,0.0001682822,98.94784,0.25698888,0.7898904,0.2826846,0.0001395337,0.11573483,97.16001,0.5333555,0.17172575,1.7363513
INTU,Brad Smith,2012,27,Man,white,happy,0.017014522,99.98298,0.00016510188,5.9343415e-06,1.8249082e-07,99.933105,0.005653548,0.061057854,3.433589e-06,4.0680693e-15,2.2694117e-06,99.999794,3.7795957e-08,8.340689e-08,0.00019370532
INTU,Brad Smith,2013,24,Man,white,neutral,18.897633,81.10237,17.296392,11.028452,18.881544,25.395437,9.078377,18.319792,8.610049e-05,3.8634277e-14,0.3578874,0.017515723,0.22435896,0.00025995163,99.39989
INTU,Brad Smith,2014,28,Man,white,surprise,0.05078122,99.94922,0.021457227,0.00032725136,1.2858346e-05,99.789665,0.09495203,0.093593314,8.146657,1.7331938,18.282125,0.76368415,8.657608,57.751144,4.665591
INTU,Brad Smith,2015,27,Man,white,happy,0.08392295,99.91608,2.245663e-08,7.5407275e-10,1.9379142e-12,99.99963,7.733232e-05,0.0002919371,0.41711098,0.0001239067,0.006637443,99.509926,0.0022478078,0.0003932583,0.06355999
INTU,Brad Smith,2016,23,Man,white,happy,0.021003203,99.979004,0.00033841407,2.0990086e-05,2.9614543e-07,99.746574,0.13484742,0.118223615,3.2679642e-13,7.212819e-17,5.7116957e-11,99.99822,8.170454e-09,2.9272789e-09,0.0017744065
INTU,Brad Smith,2017,25,Man,white,happy,0.0071202163,99.99288,3.4185486e-08,9.950904e-11,2.7940877e-13,99.99979,5.021207e-05,0.00016845946,1.1669075e-06,1.0191869e-15,1.1943945e-11,97.70636,3.3738208e-05,4.6499244e-06,2.2936034
INTU,Brad Smith,2018,27,Man,white,happy,0.0082075,99.99178,1.0909618e-07,4.0792374e-09,5.094691e-11,99.99593,0.00070094824,0.0033638552,1.47566025e-05,6.54658e-13,1.7053026e-07,98.60961,5.8673504e-05,0.0028363727,1.3874826
INTU,Sasan Goodarzi,2019,43,Man,latino hispanic,happy,0.009036239,99.99097,4.7870297,12.295449,2.6282675,23.508806,20.309252,36.4712,1.8883997,6.085893e-14,8.5884926e-07,94.046814,4.5729565e-05,3.1799098e-07,4.0647445
AMD,Dirk Meyer,2010,38,Man,white,happy,0.0017196066,99.99828,0.0018854605,0.0142641,0.0003870328,91.37517,5.7785034,2.8297932,1.3112838e-05,8.206699e-15,1.2851906e-07,99.92392,7.0886967e-06,1.2960174e-06,0.07606691
AMD,Thomas Seifert (interim),2011,39,Man,middle eastern,neutral,0.03026042,99.96974,0.3952222,8.858569,0.5542935,8.960086,64.31905,16.912779,10.710606,0.20334654,5.5200577,0.014478239,28.997704,0.005628578,54.548176
AMD,Rory Read,2012,26,Man,white,happy,0.02374258,99.97626,0.0018359892,0.006605532,0.00013046835,93.80219,2.0000284,4.1892085,0.0021839952,6.5219488e-06,0.0017778358,95.58332,0.0028575868,0.0017876489,4.4080625
AMD,Rory Read,2013,35,Man,white,happy,0.03524201,99.96476,0.10491155,0.15428679,0.011432247,68.590324,9.469031,21.67002,0.12810655,4.2589603e-05,2.5381238,94.16812,1.2045611,0.016460529,1.944587
AMD,Lisa Su,2014,33,Man,white,happy,16.892763,83.10723,8.57363,2.7248244,1.1621517,58.35856,14.255856,14.924975,3.2657257e-10,1.6503202e-22,2.1958527e-10,99.99936,7.4717775e-12,0.0006378093,1.130456e-05
AMD,Lisa Su,2015,40,Man,asian,happy,0.22789617,99.7721,98.34253,0.69776106,0.0038814603,0.33052802,0.00038484077,0.6249213,0.4430199,0.004496905,0.0727322,90.682976,1.2299144,0.042967364,7.523893
AMD,Lisa Su,2016,39,Man,asian,happy,0.76402146,99.235985,99.99691,0.0005342078,8.9291e-09,0.0010939116,2.6647761e-08,0.0014577386,1.608038e-06,5.9230626e-13,8.192969e-06,99.92405,1.0200282e-05,0.004954587,0.070968576
AMD,Lisa Su,2017,32,Man,white,angry,12.024312,87.97569,19.861492,0.24826719,0.067600355,69.69742,5.3197236,4.8054953,99.951004,8.5290156e-07,0.043136664,0.0043804245,0.0012066001,2.9214815e-08,0.00027853803
AMD,Lisa Su,2018,27,Man,asian,happy,0.24361593,99.756386,43.455555,11.638896,6.6942677,8.0222225,4.4511113,25.737947,0.014645251,0.00015355075,0.023349104,57.365196,2.9472299,0.06378701,39.58564
AMD,Lisa Su,2019,39,Man,asian,happy,18.806522,81.193474,84.75085,6.8715725,0.4261282,2.2011766,0.7249652,5.0253153,0.010558809,4.136052e-05,20.808653,74.08653,0.14205965,0.6061743,4.3459854
HPQ,Mark Hurd,2010,36,Man,white,fear,0.0033306812,99.99667,0.13874143,0.14409502,0.013912865,85.33981,7.036879,7.326556,0.6923844,0.00038398211,97.03082,0.0056956676,2.2664747,0.0039553544,0.00027419074
HPQ,Leo Apotheker,2011,47,Man,white,happy,0.021536216,99.97846,8.772281,4.442666,0.8490378,40.97261,33.471996,11.4914055,0.01182834,1.873614e-10,4.537887e-06,75.4197,4.4499154,2.5377082e-14,20.118555
HPQ,Meg Whitman,2012,33,Man,white,surprise,28.10761,71.89239,3.390846,4.890631,0.53908724,53.330467,15.6966915,22.152279,2.8779645e-05,6.47978e-11,16.938192,0.39809993,2.1521208e-05,43.229332,39.434322
HPQ,Meg Whitman,2013,39,Woman,white,happy,99.53955,0.4604488,4.9516667e-12,9.654141e-14,1.9341968e-18,100.0,7.4717025e-07,1.2260903e-06,0.0003754937,2.5324542e-13,3.2566215e-05,99.63914,0.31231174,1.6803567e-09,0.048149765
HPQ,Meg Whitman,2014,38,Woman,white,fear,99.88037,0.11963153,0.10197336,0.007648275,0.00032066583,96.83534,1.4152982,1.6394207,0.17241418,0.0029939082,75.916885,23.677572,0.21294674,0.0004987982,0.01668779
HPQ,Dion Weisler,2015,28,Man,latino hispanic,happy,0.006043807,99.99396,15.800886,12.026145,11.502468,13.654116,9.937581,37.078796,0.022262407,5.0323015e-06,0.5319795,72.20202,0.08485785,0.47379106,26.685085
HPQ,Dion Weisler,2016,28,Man,latino hispanic,happy,0.0061317696,99.99387,14.298132,11.663108,11.792538,12.408524,8.808616,41.029083,6.125428e-05,6.960303e-10,0.024093268,90.085205,0.0021573529,0.006468846,9.882019
HPQ,Dion Weisler,2017,44,Man,latino hispanic,sad,0.020686222,99.97931,8.770444,6.2603893,2.273044,27.570375,20.065016,35.060734,23.221722,0.015244778,16.830265,4.0630374,34.725876,1.8530015,19.29086
HPQ,Dion Weisler,2018,41,Man,white,happy,0.09600194,99.90399,0.37802747,0.3763241,0.06178757,60.800076,10.9660845,27.417704,0.051368546,0.00080442405,0.9785453,86.732605,0.9917087,0.35546374,10.889511
HPQ,Enrique Lores,2019,38,Man,white,happy,0.027082808,99.97292,0.5020733,1.7873405,0.11946937,59.334442,21.464386,16.792295,8.890816e-11,1.3893143e-18,2.4003513e-10,99.99325,4.9121453e-12,1.8104412e-08,0.0067555904
MU,Steve Appleton,2010,28,Man,white,happy,0.040720012,99.95928,0.000110243556,0.00024751094,4.015779e-06,99.56677,0.23355307,0.19931458,1.1308241e-06,3.333195e-24,1.04730125e-16,99.99917,1.1738027e-10,4.0627248e-11,0.00083675975
MU,Steve Appleton,2011,33,Man,white,neutral,0.0030183645,99.99699,0.021095142,0.055472203,0.0016180755,92.0012,4.0908456,3.829771,0.3889835,8.175563e-08,0.15387729,5.7969346,0.6125925,0.0019870403,93.04562
MU,Mark Durcan,2012,38,Man,white,happy,0.08642038,99.91358,7.256595e-08,8.313414e-08,5.222748e-10,99.99441,0.0037637695,0.0018355153,3.2721136e-06,5.4568617e-11,1.5906859e-05,99.97789,5.108691e-06,8.269605e-06,0.022080053
MU,Mark Durcan,2013,44,Man,middle eastern,happy,0.7308183,99.26918,3.7785769,19.605791,4.7587337,21.740541,29.485624,20.630732,21.578018,0.311425,1.5474617,75.04212,0.20173778,0.2895835,1.0296607
MU,Mark Durcan,2014,40,Man,white,happy,0.00774543,99.99225,8.491801e-06,1.1380865e-05,7.0984875e-08,99.982475,0.011234804,0.0062693213,1.8252211e-07,6.1036197e-13,4.1793044e-07,99.9514,1.1734681e-06,3.0167263e-05,0.04857339
MU,Mark Durcan,2016,38,Man,white,happy,0.02155931,99.97844,6.53639e-06,5.8418077e-06,3.5301323e-08,99.98352,0.009923836,0.006543373,6.4450475e-08,4.8960574e-16,1.3342132e-08,99.999954,7.1867436e-09,1.6145942e-09,4.695049e-05
MU,Sanjay Mehrotra,2017,37,Man,latino hispanic,happy,0.003175464,99.996826,6.3235903,8.380064,1.618446,23.052235,16.575375,44.05029,2.0663734e-08,5.4050193e-15,2.1439845e-08,99.46819,1.1431265e-05,0.0065093935,0.52529097
MU,Sanjay Mehrotra,2018,43,Man,latino hispanic,angry,0.006752686,99.993256,2.3062048,5.1563554,0.9330582,13.286068,5.141916,73.1764,79.562546,0.0001457953,0.104969434,0.010813375,8.535416,1.17929485e-05,11.786105
MU,Sanjay Mehrotra,2019,48,Man,latino hispanic,angry,0.02277139,99.97723,5.9076896,17.532639,3.253132,18.951738,22.084301,32.270508,41.08826,1.2541661,13.64884,0.103698716,40.471436,0.056110688,3.3774855
ADI,Jerald Fishman,2010,38,Man,white,happy,0.0062178136,99.993774,0.00028235713,0.00013376739,7.814843e-06,99.62255,0.13254097,0.24448712,3.2422053e-14,2.155688e-25,1.1742808e-13,100.0,4.3976827e-12,2.3764293e-16,5.0307868e-08
ADI,Jerald Fishman,2012,42,Man,white,happy,0.0026447074,99.99735,0.052500155,0.053148348,0.01716495,92.76644,2.5512383,4.559514,0.014305576,1.028843e-16,2.8813474e-05,99.98567,1.1343539e-07,3.5268893e-12,2.7348518e-08
ADI,Vincent Roche,2013,24,Man,white,angry,11.487267,88.51273,3.5586,0.14587663,0.14062554,89.43458,5.470004,1.2503201,71.02006,0.23922715,28.609573,0.003961466,0.12712464,1.1867078e-05,3.6844398e-05
ADI,Vincent Roche,2014,24,Man,white,neutral,0.009206401,99.9908,0.00047267732,0.0022076382,1.1238259e-05,97.358765,1.9611706,0.67737645,7.745747,0.0010594415,1.235765,0.31992516,14.826756,0.01244302,75.85831
ADI,Vincent Roche,2015,35,Man,white,fear,10.021016,89.97899,21.721415,5.854521,2.47216,30.456566,14.806369,24.68897,10.2175665,0.47908515,39.13682,0.044277273,34.72547,0.15868539,15.238097
ADI,Vincent Roche,2016,26,Man,white,happy,0.008110604,99.9919,19.915714,3.303943,1.5571836,38.661705,10.746304,25.815153,0.0045518414,3.8162943e-06,0.0010088166,96.50615,0.074856475,0.005673628,3.4077532
ADI,Vincent Roche,2017,27,Man,white,happy,0.012174035,99.98783,1.9719657,0.16414478,0.050412603,84.50586,3.3925726,9.915047,0.0006745757,2.7099448e-08,6.7788865e-06,98.344955,0.008805308,0.0018318865,1.6437347
ADI,Vincent Roche,2018,23,Man,white,angry,5.0402184,94.95979,0.6122512,0.15459806,0.07541351,72.93108,25.249905,0.9767524,99.09508,0.013085815,0.79078186,4.2790205e-05,0.0997152,4.7500776e-05,0.0012555345
ADI,Vincent Roche,2019,24,Man,white,neutral,0.0054605315,99.99454,0.00042842768,0.0019174939,1.513767e-05,97.62964,1.6750044,0.69300216,4.006866,0.00045069566,0.16475077,0.12007955,10.902683,0.003549272,84.80162
LRCX,Stephen G. Newberry,2010,43,Man,white,happy,0.2560172,99.74399,0.6667717,0.7283001,0.08251768,66.39357,17.94087,14.187964,0.011614321,2.6549892e-06,0.0049589416,54.191113,0.04606567,0.00047983354,45.745758
LRCX,Stephen G. Newberry,2011,43,Man,white,happy,0.2560172,99.74399,0.6667717,0.7283001,0.08251768,66.39357,17.94087,14.187964,0.011614321,2.6549892e-06,0.0049589416,54.191113,0.04606567,0.00047983354,45.745758
LRCX,Martin Anstice,2012,38,Man,white,happy,0.006111733,99.99388,18.688936,2.4365456,0.49829617,55.03388,12.287739,11.054599,9.55829e-08,6.6564116e-20,6.451198e-12,100.0,7.883833e-08,7.481826e-15,2.7258482e-08
LRCX,Martin Anstice,2013,38,Man,white,happy,0.006111733,99.99388,18.688936,2.4365456,0.49829617,55.03388,12.287739,11.054599,9.55829e-08,6.6564116e-20,6.451198e-12,100.0,7.883833e-08,7.481826e-15,2.7258482e-08
LRCX,Martin Anstice,2014,34,Man,white,angry,0.5326258,99.46738,0.11159929,0.31871697,0.0205383,79.25384,14.596097,5.6992083,45.925137,0.95341086,29.808414,0.007053115,20.183477,0.3188692,2.8036416
LRCX,Martin Anstice,2015,28,Man,white,sad,0.008347638,99.99165,7.8959485e-05,0.00037454462,3.1385564e-06,98.61508,1.1958108,0.18865368,16.49568,0.004594304,0.4296639,4.091022,61.958107,0.018924406,17.00201
LRCX,Martin Anstice,2016,44,Man,white,happy,0.03339327,99.966606,0.0005090767,0.0005978059,2.1878574e-05,99.12567,0.44278586,0.43041456,5.317307e-05,1.4515751e-14,1.1372994e-08,99.999954,2.5711794e-08,3.1842538e-13,2.946195e-09
LRCX,Martin Anstice,2017,34,Man,white,happy,0.0023482936,99.99765,0.07244166,0.10586262,0.010695365,89.43731,6.426486,3.9472106,1.4028565e-16,2.021585e-24,2.484169e-13,99.999954,6.902606e-14,6.775136e-16,4.9132886e-05
LRCX,Tim Archer,2019,34,Man,white,happy,0.28420785,99.71579,0.2725712,0.13901344,0.0138845695,84.79216,5.8886924,8.893683,1.3644307e-11,1.3829396e-25,4.185976e-18,99.9995,2.5456878e-10,1.5024632e-08,0.000506961
AMAT,Michael R. Splinter,2010,39,Man,middle eastern,angry,0.034809317,99.965195,3.1157837,7.255458,0.83145744,30.305893,31.791555,26.69985,69.031395,9.967964e-05,0.273523,0.0013927998,22.82914,0.00039140208,7.864053
AMAT,Michael R. Splinter,2011,38,Man,latino hispanic,happy,0.00078505656,99.999214,1.2969073,5.6760254,0.5135169,32.91313,26.133425,33.46699,0.00025304066,4.3141227e-08,9.78673e-05,98.777695,0.046281144,0.035659984,1.1400056
AMAT,Michael R. Splinter,2012,27,Man,latino hispanic,happy,0.004360169,99.995636,6.2977643,6.9911323,5.006842,29.392237,17.10554,35.20649,0.19679745,0.38410348,7.112027,77.15102,0.7418882,3.3132765,11.100899
AMAT,Gary E. Dickerson,2013,33,Man,asian,happy,0.25826603,99.74173,72.08352,3.4847233,3.8529906,1.6063688,0.41038102,18.562014,2.0736131e-06,1.16598976e-07,0.014329324,99.956795,0.00041309613,8.574457e-05,0.028379856
AMAT,Gary E. Dickerson,2015,31,Man,asian,happy,0.045316584,99.95468,66.96406,0.28938624,0.099881254,23.06013,1.0343522,8.552198,2.0339945e-12,8.7957745e-23,2.7248146e-15,97.60995,6.1310157e-09,4.9647406e-07,2.390052
AMAT,Gary E. Dickerson,2016,38,Man,asian,sad,0.11686316,99.88313,82.15938,0.37327027,0.05873558,8.108354,0.062709026,9.237555,16.920889,0.009415625,10.033658,0.024024468,66.56042,0.046331074,6.405262
AMAT,Gary E. Dickerson,2017,48,Man,asian,happy,0.9109758,99.08902,64.85094,5.765883,2.0329177,8.435557,1.9161439,16.998558,2.4795133e-07,1.173498e-10,2.2670098e-05,99.98542,3.2036103e-05,1.2629698e-06,0.014530513
AMAT,Gary E. Dickerson,2018,38,Man,asian,happy,0.6958903,99.30411,76.86486,4.2366853,3.4120789,2.3281744,0.61676186,12.54144,0.0025467596,1.4947443e-07,0.022849863,98.64827,0.0067896494,0.28162706,1.0379167
AMAT,Gary E. Dickerson,2019,44,Man,asian,happy,0.08942811,99.910576,71.67308,2.069252,1.0598965,11.632219,1.8737382,11.691814,5.694243e-07,1.2543274e-12,6.696963e-08,99.95178,2.838637e-05,0.00016399662,0.04802936
KLAC,Rick Wallace,2010,32,Man,white,neutral,0.009353159,99.99064,16.117119,5.91527,1.8129871,37.375427,15.086397,23.692802,0.014547962,1.9182787e-10,7.4140303e-06,22.204498,0.07547725,2.8593283e-06,77.70547
KLAC,Rick Wallace,2011,23,Man,latino hispanic,neutral,0.0029658116,99.99703,28.30793,12.91575,2.7201836,19.488508,7.7660866,28.80154,0.0015044509,2.979011e-09,9.459482e-05,36.573578,0.015899967,0.0012294531,63.40769
KLAC,Rick Wallace,2012,22,Man,white,angry,0.044931352,99.95506,7.8141494,3.231479,1.2873116,39.81911,13.064045,34.78391,78.23017,6.673243e-07,0.15761486,0.55528384,2.286787,0.0008957554,18.76925
KLAC,Rick Wallace,2013,32,Man,white,neutral,0.009353159,99.99064,16.117119,5.91527,1.8129871,37.375427,15.086397,23.692802,0.014547962,1.9182787e-10,7.4140303e-06,22.204498,0.07547725,2.8593283e-06,77.70547
KLAC,Rick Wallace,2014,32,Man,asian,sad,2.0603235,97.93968,34.350903,11.486266,8.874523,11.971358,10.1952715,23.121672,20.658623,0.75718963,30.211369,0.06382299,46.537857,0.20333095,1.5678067
KLAC,Rick Wallace,2015,39,Man,white,sad,0.13427287,99.86572,0.05592994,0.014345564,0.00095690147,96.146385,2.0696766,1.7127029,12.141653,0.012230581,4.403574,36.331,42.766937,0.5127556,3.8318543
KLAC,Rick Wallace,2016,23,Man,white,neutral,0.0009816333,99.99902,12.846876,5.78542,1.4437869,37.300457,11.440112,31.183346,0.011222619,3.765185e-10,0.00015665482,25.569942,0.0163364,0.0003469955,74.402
KLAC,Rick Wallace,2017,37,Man,white,angry,0.015317923,99.98468,5.862914,1.7955531,0.18122919,54.69124,6.559985,30.909082,67.39217,4.445213e-09,4.4381847,2.9307745e-05,25.941536,0.00027063765,2.2278054
KLAC,Rick Wallace,2018,26,Man,white,happy,0.003345235,99.99665,5.2225885,2.2888758,0.5102347,44.047592,11.4544735,36.47624,0.014777091,0.002763889,0.07939841,98.76474,0.102680124,0.32168257,0.7139648
KLAC,Rick Wallace,2019,36,Man,latino hispanic,happy,0.038785014,99.96121,10.655711,11.106091,5.533515,22.543236,23.2117,26.94975,0.5593576,0.0011338588,0.022604346,90.36537,0.22646573,0.00061522785,8.824462
MRVL,Sehat Sutardja,2010,43,Man,asian,happy,15.866158,84.13384,76.5272,8.642023,1.792512,1.861166,0.21193275,10.965168,0.010743029,7.885134e-09,0.008263693,96.352066,3.5457997,0.0002960765,0.08282191
MRVL,Sehat Sutardja,2011,35,Man,asian,angry,0.46129468,99.538704,98.12781,1.1183395,0.0019121907,0.21928541,0.0012409113,0.5314091,89.74786,0.019693464,2.532767,0.0022543864,7.0360126,0.014631114,0.64677674
MRVL,Sehat Sutardja,2012,55,Man,asian,angry,0.28141028,99.71859,72.28,10.064316,1.7004762,0.3117861,0.08929091,15.554136,75.13618,3.3705866e-05,5.3926444,0.07818601,0.38184583,0.07904188,18.932066
MRVL,Sehat Sutardja,2013,56,Man,asian,angry,0.33488855,99.66511,81.23102,7.7031784,0.5612573,0.14148194,0.020359559,10.3427,59.305267,2.1334577e-06,5.0218563,4.940158,0.23484816,1.1993699,29.298496
MRVL,Sehat Sutardja,2015,31,Man,white,surprise,14.073817,85.92618,17.974379,2.2519453,0.27871746,39.614853,29.403791,10.476319,0.002783023,8.978255e-10,0.39242035,0.0012315189,7.304754e-07,99.60356,4.9680616e-06
MRVL,Matthew J. Murphy,2016,31,Man,white,happy,0.057564367,99.94244,2.0947704,3.184178,0.6085227,49.188866,17.569439,27.354225,0.00089824095,1.1145197e-10,6.047393e-07,91.838936,0.00012282224,0.0035526017,8.156488
MRVL,Matthew J. Murphy,2017,41,Man,white,neutral,0.068074346,99.93193,0.6521722,2.219615,0.25183606,61.839188,15.192109,19.84508,1.0561658,0.15797003,2.0189674,18.009027,11.770873,0.08498084,66.902016
MRVL,Matthew J. Murphy,2018,39,Man,white,neutral,0.07533783,99.92466,1.8397171,5.165543,0.73229206,46.62231,15.763568,29.876574,0.031946633,0.00049142423,0.21891405,12.027983,3.4797332,0.0042690034,84.236664
MRVL,Matthew J. Murphy,2019,41,Man,white,neutral,0.068074346,99.93193,0.6521722,2.219615,0.25183606,61.839188,15.192109,19.84508,1.0561658,0.15797003,2.0189674,18.009027,11.770873,0.08498084,66.902016
CDNS,Lip-Bu Tan,2010,50,Man,asian,happy,0.17194074,99.828064,56.388744,18.6406,5.9444494,1.5154551,0.4945089,17.016247,6.3889796e-09,2.3593793e-17,2.1103652e-09,99.988785,3.8255488e-09,0.0001690739,0.011048712
CDNS,Lip-Bu Tan,2011,36,Man,asian,happy,0.1437177,99.856285,53.04811,12.966107,4.3108006,4.85186,2.3006587,22.522469,0.0010211294,1.8691999e-08,2.2411294e-05,95.6007,0.0011662674,0.002396113,4.3946953
CDNS,Lip-Bu Tan,2012,54,Man,asian,happy,0.124360606,99.87564,30.929873,15.3143215,9.055414,10.788591,9.14003,24.771772,0.0064447857,7.3279014e-05,0.0013597762,99.38528,0.09056794,8.5645304e-05,0.5161993
CDNS,Lip-Bu Tan,2013,44,Man,asian,neutral,0.013067869,99.98694,48.93216,12.72225,7.822359,3.163354,1.2788626,26.081009,4.099897,2.9978808e-05,0.13239369,0.04907416,2.4171486,0.008034699,93.29343
CDNS,Lip-Bu Tan,2014,48,Man,asian,angry,0.08475746,99.915245,50.008465,9.475286,8.346176,2.857236,1.3634965,27.949343,57.204556,0.07795389,4.7901974,0.52621365,27.531656,0.11074485,9.758673
CDNS,Lip-Bu Tan,2015,32,Man,asian,angry,0.14371976,99.856285,77.54902,4.951565,2.7469008,2.5686524,1.1057471,11.078119,71.73195,7.3299317,2.0230398,0.2792411,2.6335597,13.923168,2.0791094
CDNS,Lip-Bu Tan,2016,47,Man,asian,sad,3.568981,96.43102,69.38457,15.155173,3.6805997,3.324662,0.7810671,7.6739316,8.232901,0.07361876,9.84674,0.25527745,78.2821,0.028891422,3.2804716
CDNS,Lip-Bu Tan,2017,50,Man,asian,happy,0.006332049,99.99367,56.31268,8.314057,15.332845,3.4508545,1.9210469,14.66852,0.0023053295,8.287451e-11,0.0011622998,99.072495,3.320738e-05,0.22868246,0.6953136
CDNS,Lip-Bu Tan,2019,51,Man,asian,happy,0.109251894,99.89075,48.089085,18.00453,8.480435,4.2829175,2.1324322,19.010603,1.3285345e-05,1.6125719e-11,4.7611007e-05,99.44293,1.15952e-05,0.0018533106,0.5551437
SNPS,Aart de Geus,2010,23,Man,white,neutral,0.7912621,99.20874,16.348127,0.24562709,0.04475431,77.56147,2.995737,2.8042896,14.436009,0.005242506,0.054352485,24.848938,2.2746677,0.014362583,58.36643
SNPS,Aart de Geus,2011,57,Man,white,happy,0.122443914,99.877556,12.739232,1.4125856,0.23414575,69.80152,7.8934984,7.9190187,15.587425,0.0005493862,1.4543791,61.80383,15.315802,0.009400493,5.828609
SNPS,Aart de Geus,2013,42,Man,white,happy,0.008035606,99.99197,23.73818,6.5019426,3.253979,29.506039,16.26922,20.730644,2.5991728,0.12504205,2.4666994,47.551113,4.394139,0.26459262,42.59925
SNPS,Aart de Geus,2014,37,Man,asian,happy,0.0016556776,99.998344,66.74343,1.9877437,0.5740037,20.65971,2.382679,7.652435,0.62104654,0.2221663,1.6276176,96.08688,0.17336039,0.026054086,1.2428656
SNPS,Aart de Geus,2015,55,Man,white,sad,0.038830146,99.96117,8.372463,0.9798987,0.16290152,74.592674,9.055023,6.8370385,1.0230297,1.1758861e-05,0.7584762,0.0015034965,95.16657,7.495591e-05,3.0503283
SNPS,Aart de Geus,2017,41,Man,white,happy,0.005672402,99.99432,0.56169873,0.35652182,0.044605684,89.509476,6.1121054,3.4155953,0.08163453,1.3506806e-06,0.69848293,55.521564,0.019288782,0.0012579785,43.677776
SNPS,Aart de Geus,2018,37,Man,white,angry,0.1582843,99.84171,7.9010806,3.9579465,0.5605707,49.658253,25.247103,12.67505,69.54514,9.938673e-06,0.16554943,0.17489207,9.78496,0.0037029735,20.325739
SNPS,Aart de Geus,2019,31,Man,white,happy,12.203668,87.79633,0.39901355,0.10933732,0.006891782,93.76507,3.460265,2.25943,0.783888,0.00297209,0.89644814,93.130295,0.62774456,0.00020518608,4.558452
FTNT,Ken Xie,2010,25,Man,asian,happy,0.0076101315,99.99239,96.56894,0.8033383,0.23625356,0.3736435,0.010035596,2.00778,1.8838625,8.79931,20.45243,66.4232,0.048535436,1.9023906,0.49027494
FTNT,Ken Xie,2011,45,Man,asian,fear,0.007076541,99.99292,85.60059,2.852128,0.8691552,5.5907326,0.9227273,4.164665,6.1949296,0.504881,42.07956,0.050337452,24.317604,0.007977305,26.844715
FTNT,Ken Xie,2012,28,Man,asian,neutral,0.11422939,99.88577,44.202377,11.580918,3.2973404,9.377348,4.352558,27.189457,0.16476505,3.533845e-05,0.01409189,0.17624728,2.0947742,1.2813856e-05,97.55008
FTNT,Ken Xie,2013,48,Man,asian,fear,0.19809674,99.801895,74.2405,8.456761,3.3436344,2.9868455,0.60715836,10.365103,1.080809,0.022780387,76.84023,0.34220588,20.229801,0.08621083,1.3979607
FTNT,Ken Xie,2014,25,Man,asian,happy,0.0076101315,99.99239,96.56894,0.8033383,0.23625356,0.3736435,0.010035596,2.00778,1.8838625,8.79931,20.45243,66.4232,0.048535436,1.9023906,0.49027494
FTNT,Ken Xie,2015,27,Man,asian,sad,0.18322487,99.81677,99.09278,0.19181827,0.05008878,0.028177503,0.00037678776,0.6367546,3.902474,0.0064097485,1.6148098,0.0004588429,94.135216,0.0010397923,0.3395956
FTNT,Ken Xie,2016,31,Man,asian,neutral,0.083402626,99.9166,97.25539,1.1413846,0.07228703,0.21612501,0.004487213,1.310316,12.083717,0.43613657,0.06379816,16.263947,4.1429696,0.09994496,66.90949
FTNT,Ken Xie,2017,23,Man,asian,fear,0.11454396,99.88545,99.98637,4.57677e-09,0.013626717,3.9962706e-06,1.0607472e-07,1.2318557e-06,0.03900989,1.2141824e-05,50.01113,0.07924237,44.0322,0.030406818,5.8080044
FTNT,Ken Xie,2019,28,Man,asian,angry,0.08171433,99.91829,99.85958,0.038660392,0.00048710176,0.015623665,1.1087445e-05,0.08564052,97.63768,0.00031338682,2.1645873,0.05777318,0.13190392,0.00038271045,0.0073600616
FFIV,John McAdam,2010,31,Man,asian,happy,0.051741496,99.94825,38.761127,9.471231,2.9909868,7.9219327,3.2907596,37.56396,1.03183365e-05,2.219653e-10,1.7523106e-06,99.710075,0.00042119974,0.0042448975,0.28524834
FFIV,John McAdam,2011,34,Man,middle eastern,happy,0.0485228,99.951485,1.5159162,7.6661186,0.47762194,25.581852,40.88587,23.872623,2.2667455e-05,2.1380044e-06,0.0018837324,97.924965,0.004083887,0.0013066438,2.0677402
FFIV,John McAdam,2012,30,Man,white,neutral,0.021739949,99.978264,1.5849376,0.15751942,0.041473065,82.43886,3.5088732,12.268339,0.026445337,9.992502e-07,0.06869021,0.17812128,0.53482044,0.061901215,99.13003
FFIV,John McAdam,2013,31,Man,asian,happy,0.051741496,99.94825,38.761127,9.471231,2.9909868,7.9219327,3.2907596,37.56396,1.03183365e-05,2.219653e-10,1.7523106e-06,99.710075,0.00042119974,0.0042448975,0.28524834
FFIV,John McAdam,2014,25,Man,latino hispanic,happy,0.035870496,99.96413,10.787289,4.158042,0.7098712,8.090802,1.7120961,74.5419,7.4139905e-10,8.151954e-21,6.298196e-11,99.99722,1.1227124e-07,1.2538796e-10,0.0027830312
FFIV,John McAdam,2015,26,Man,latino hispanic,happy,0.13706225,99.862946,6.562069,3.483157,1.1461415,35.990856,9.614597,43.203182,7.9999805e-11,1.3329191e-17,6.4906525e-11,99.956604,3.1951057e-09,2.1619571e-06,0.043400884
FFIV,John McAdam,2016,39,Man,white,happy,0.17772117,99.82227,0.0070629185,0.016549375,0.0010521093,92.00098,3.5292666,4.445099,3.1738574e-09,1.2513808e-16,5.431653e-10,99.738495,1.3463833e-07,0.00017603402,0.26132703
ANET,Jayshree Ullal,2010,36,Man,middle eastern,fear,11.00249,88.997505,5.143057,10.568855,1.5822891,28.964603,34.803352,18.937845,0.08624654,4.77429e-12,76.731255,6.5057548e-06,20.919207,0.031494584,2.231797
ANET,Jayshree Ullal,2011,33,Woman,indian,happy,91.587036,8.412963,5.3735757,57.445538,1.7690016,6.006348,11.999231,17.406311,1.14095e-05,5.2064183e-11,5.4093914e-07,96.15625,0.0002677939,0.012241582,3.8312345
ANET,Jayshree Ullal,2012,33,Woman,indian,happy,91.81853,8.181475,3.3833601,71.972725,1.097967,3.0549123,5.695499,14.795534,1.9613235e-05,1.5768176e-10,1.1435319e-06,95.99139,0.00037549686,0.0127138095,3.9955046
ANET,Jayshree Ullal,2014,35,Man,indian,happy,3.1446383,96.85536,4.0742445,50.462048,3.1092072,4.94896,7.333561,30.071985,0.09763503,0.00031615308,0.03977246,98.72862,1.110447,0.005389952,0.017820248
ANET,Jayshree Ullal,2015,28,Man,latino hispanic,happy,0.58142287,99.41857,3.7710538,27.364515,1.6722767,6.8441963,6.812083,53.535877,4.5665502e-10,3.351952e-17,2.8000524e-09,99.99921,1.0168782e-08,8.443312e-06,0.0007871076
ANET,Jayshree Ullal,2016,38,Woman,indian,happy,99.975174,0.024822086,0.026594749,86.43888,0.027082246,1.2751371,4.4382243,7.7940845,6.3015295e-06,1.734532e-14,3.0885559e-09,99.98959,1.7139037e-05,1.507862e-06,0.010384845
ANET,Jayshree Ullal,2017,40,Man,white,surprise,5.9556127,94.04439,2.005013,0.0088792555,0.000926702,92.19337,2.2315373,3.5602722,0.7221425,0.0006956148,20.34469,0.38604784,5.7799315,69.81274,2.9537604
ANET,Jayshree Ullal,2018,28,Man,middle eastern,surprise,2.2134411,97.78656,2.5007288e-05,0.0046358,6.1665824e-06,34.474564,65.44189,0.078878716,0.4898423,3.7327477e-06,38.15851,0.2548372,0.009740083,61.079384,0.0076907314
ANET,Jayshree Ullal,2019,36,Woman,indian,happy,55.836273,44.163723,0.015823543,95.86461,0.028581558,0.15984696,0.3055046,3.6256375,0.2021247,4.0237504e-05,0.10767257,99.418274,0.21127227,0.056657113,0.003966566
MSI,Greg Brown,2010,45,Man,middle eastern,happy,0.18756151,99.81244,8.22146,9.799482,4.01487,25.981724,27.44207,24.540396,0.0005981612,2.163547e-13,1.2834502e-08,99.823685,1.2162984e-05,1.471608e-06,0.17570826
MSI,Greg Brown,2011,38,Man,white,happy,0.04503568,99.954956,0.32345593,0.69500613,0.019282432,68.28856,18.669405,12.004291,0.040246665,6.57529e-08,1.8956664e-05,99.59722,0.011825701,1.7477361e-05,0.35067362
MSI,Greg Brown,2012,40,Man,white,happy,0.3450041,99.655,12.796347,8.19129,2.6371098,33.755985,24.333355,18.28591,4.3351255e-14,5.7962626e-36,2.8559032e-22,100.0,2.1243168e-17,7.948052e-18,2.173711e-13
MSI,Greg Brown,2013,45,Man,white,happy,0.080257826,99.91974,8.938234,7.853242,2.3613687,32.052963,20.962034,27.832157,1.01402255e-10,6.448756e-29,6.744064e-17,100.0,3.2944833e-13,7.5866094e-16,3.977039e-08
MSI,Greg Brown,2014,40,Man,white,happy,0.02287951,99.97712,15.212446,10.775222,4.408263,23.648268,22.545467,23.41033,5.694244e-07,1.7701022e-14,3.4141458e-08,99.862816,0.0002949641,9.200523e-08,0.13689916
MSI,Greg Brown,2015,48,Man,white,neutral,0.018454527,99.98155,2.7547536,2.2991467,0.27222177,54.865402,27.060148,12.748329,3.7803707,0.00032379804,0.2198676,1.0323052,0.5443362,2.9582903e-05,94.42277
MSI,Greg Brown,2016,48,Man,white,fear,0.23652823,99.76347,1.7543935,6.603395,0.81112134,42.190395,33.676723,14.963971,1.1064252,3.3867565e-07,95.13263,0.047103968,1.4464564,0.00457485,2.262809
MSI,Greg Brown,2017,25,Man,white,fear,6.8490148,93.15099,5.045342,5.172163,0.48675644,60.926086,16.68131,11.688346,0.040309988,1.35641085e-05,99.44772,0.1828172,0.26952502,0.023046026,0.036572717
MSI,Greg Brown,2018,41,Man,white,fear,0.5564631,99.44353,0.40198043,0.10598356,0.017714046,90.3987,3.1928706,5.882762,1.48785,0.00013703408,95.95752,0.1380138,0.57144165,1.1831466,0.6618925
MSI,Greg Brown,2019,48,Man,latino hispanic,happy,0.1321865,99.86781,4.859131,21.052015,2.4409454,21.244463,21.847342,28.556099,6.3033023e-10,8.5852057e-19,3.0843883e-11,100.0,1.1212214e-08,9.2981144e-15,1.8082064e-08
WDC,John Coyne,2010,39,Man,white,happy,0.0055553205,99.994446,0.0011086966,0.0006272612,4.808034e-06,99.49819,0.25934312,0.24071573,5.5309377,0.08984261,5.1779804,56.596462,11.096925,0.9625702,20.545286
WDC,John Coyne,2011,45,Man,white,neutral,0.08561396,99.91438,0.0010918896,6.726227e-05,5.1470624e-06,99.85731,0.10766373,0.0338699,0.03487413,8.3024576e-10,0.00014574209,25.473251,0.09950118,4.4221792e-06,74.39223
WDC,Stephen Milligan,2012,28,Man,white,happy,0.1136876,99.88631,5.2115006e-08,2.9079661e-08,1.6515057e-10,99.99731,0.001528509,0.001167346,7.837132e-11,1.1335532e-23,6.5897247e-16,99.99998,8.0135865e-13,1.4855799e-09,2.9174593e-05
WDC,Stephen Milligan,2013,36,Man,white,happy,0.037436992,99.962555,5.809853e-14,7.31819e-15,1.4981134e-18,100.0,2.2598346e-07,1.9365886e-07,1.086836e-05,1.5652477e-15,1.5957097e-10,99.99593,1.7544197e-07,5.013494e-08,0.0040566595
WDC,Stephen Milligan,2014,34,Man,white,happy,0.37317455,99.62683,3.9047148e-08,9.540649e-09,3.982801e-11,99.99748,0.0014833249,0.0010293905,9.859895e-08,1.6564078e-14,5.229362e-09,99.96317,4.6323257e-07,0.00018433583,0.036639426
WDC,Stephen Milligan,2015,42,Man,white,surprise,0.37735504,99.62264,1.1689572,2.3754158,0.28827763,61.36852,20.953508,13.845323,14.676076,0.3481108,30.584309,0.5663292,1.1490892,51.720665,0.95541924
WDC,Stephen Milligan,2016,39,Man,white,happy,0.02787003,99.97212,9.755853e-10,1.2989821e-09,5.596624e-13,99.99765,0.0015879062,0.00076695014,2.3165347e-21,0.0,1.6980638e-26,100.0,1.9235202e-18,1.7122215e-29,1.2825648e-12
WDC,Stephen Milligan,2017,23,Man,white,happy,0.03215889,99.967834,3.033608e-13,3.3679148e-14,1.1702628e-17,100.0,6.900159e-07,1.1951936e-06,7.002468e-20,0.0,2.9414096e-26,100.0,1.0138042e-21,1.9272167e-16,3.8326084e-10
WDC,Stephen Milligan,2018,39,Man,white,happy,0.05179958,99.9482,1.153525e-08,2.8842075e-08,1.2285611e-11,99.98947,0.007459754,0.0030580917,1.9556626e-16,1.3749618e-32,7.575955e-19,100.0,3.7642104e-14,4.739939e-25,7.04125e-10
WDC,Stephen Milligan,2019,39,Man,white,happy,0.025460826,99.97454,4.9426313e-10,3.7161232e-09,1.5083416e-12,99.99615,0.0026671065,0.0011901653,2.096046e-10,2.8047833e-28,2.6679905e-16,100.0,1.403721e-13,3.494592e-21,7.491833e-12
STX,Stephen J. Luczo,2010,34,Man,white,angry,0.14411432,99.85588,0.05063847,0.14590631,0.009670431,89.97386,5.8178906,4.0020294,63.334324,0.050068922,3.1911037,0.024587424,33.069016,0.0016965679,0.32920882
STX,Stephen J. Luczo,2011,34,Man,white,angry,0.14411432,99.85588,0.05063847,0.14590631,0.009670431,89.97386,5.8178906,4.0020294,63.334324,0.050068922,3.1911037,0.024587424,33.069016,0.0016965679,0.32920882
STX,Stephen J. Luczo,2012,25,Man,white,happy,0.010051502,99.98995,0.00043563542,0.0011990542,9.782335e-06,97.78154,1.0124018,1.2044138,0.16477935,7.136456e-05,0.0094831195,80.08223,0.13508193,0.28160113,19.326754
STX,Stephen J. Luczo,2013,34,Man,white,angry,0.19294673,99.80705,0.053176608,0.092927836,0.00603129,90.70798,4.4783177,4.6615715,65.11885,0.2539438,3.3676836,0.002425677,31.044182,0.0017953785,0.21110965
STX,Stephen J. Luczo,2014,35,Man,white,angry,0.047225356,99.95278,0.038782492,0.05822722,0.0047535547,92.68992,3.7739265,3.434391,97.67981,0.00011804398,0.26231945,0.0054411707,2.0314097,1.6255963e-05,0.020883415
STX,Stephen J. Luczo,2015,34,Man,white,angry,0.14411432,99.85588,0.05063847,0.14590631,0.009670431,89.97386,5.8178906,4.0020294,63.334324,0.050068922,3.1911037,0.024587424,33.069016,0.0016965679,0.32920882
STX,Stephen J. Luczo,2016,34,Man,white,angry,0.14411432,99.85588,0.05063847,0.14590631,0.009670431,89.97386,5.8178906,4.0020294,63.334324,0.050068922,3.1911037,0.024587424,33.069016,0.0016965679,0.32920882
STX,Stephen J. Luczo,2017,31,Man,white,happy,0.012865614,99.98714,5.869578e-07,9.17615e-07,2.3037718e-09,99.95065,0.020522999,0.028827334,0.022346556,4.7172816e-10,0.015931923,99.02853,0.0013604643,0.23799619,0.69384205
STX,David Mosley,2018,46,Man,white,happy,0.030118352,99.96989,0.00010297787,0.00012134338,9.095985e-07,99.84044,0.11273521,0.046589438,1.940611e-05,3.8566333e-12,2.3825996e-06,99.94105,8.0108175e-06,0.0008182298,0.0581038
STX,David Mosley,2019,47,Man,white,fear,0.00046699352,99.999535,0.0003853694,0.0037435535,9.406599e-05,97.43359,1.4254606,1.1367126,10.389461,0.011604982,37.247303,6.924294,22.146263,3.6544416,19.626633
XLNX,Moshe Gavrielov,2010,46,Man,white,happy,0.1630015,99.837,5.9177142e-12,1.26388275e-11,4.860162e-16,99.99995,3.9984887e-05,1.4267591e-05,0.002089827,4.94083e-10,9.52504e-07,95.507835,0.007255237,3.3758765e-06,4.482814
XLNX,Moshe Gavrielov,2011,33,Man,white,happy,0.16385253,99.83614,0.41556218,0.21148312,0.01879106,82.470215,8.758475,8.125476,0.004203306,2.3890616e-08,0.00025144187,99.69652,0.0041962047,0.025266757,0.26956964
XLNX,Moshe Gavrielov,2012,32,Man,white,happy,0.16210999,99.83789,0.5613844,0.57632047,0.067642175,71.39238,13.890739,13.511541,0.009839106,2.2964247e-07,0.004169884,99.47591,0.00992496,0.110171914,0.38999128
XLNX,Moshe Gavrielov,2013,41,Man,white,happy,0.0018712142,99.99813,0.08938474,0.18380184,0.01948543,84.34123,6.607537,8.758557,1.4626956e-06,8.990237e-11,1.4117981e-05,99.83571,1.1885764e-05,0.009344841,0.15490709
XLNX,Moshe Gavrielov,2014,46,Man,white,happy,0.1630015,99.837,5.9177142e-12,1.26388275e-11,4.860162e-16,99.99995,3.9984887e-05,1.4267591e-05,0.002089827,4.94083e-10,9.52504e-07,95.507835,0.007255237,3.3758765e-06,4.482814
XLNX,Moshe Gavrielov,2015,46,Man,white,happy,0.1630015,99.837,5.9177142e-12,1.26388275e-11,4.860162e-16,99.99995,3.9984887e-05,1.4267591e-05,0.002089827,4.94083e-10,9.52504e-07,95.507835,0.007255237,3.3758765e-06,4.482814
XLNX,Moshe Gavrielov,2016,40,Man,white,happy,0.23112416,99.768875,0.0034046764,0.0016471307,2.0150026e-05,98.62665,0.6767487,0.6915349,0.0010752401,5.1294086e-07,0.0126733575,99.7385,0.0043889647,0.0015672576,0.2417837
XLNX,Victor Peng,2017,25,Man,asian,happy,0.035993304,99.96401,99.9996,2.5328045e-05,7.522367e-10,5.086985e-05,1.0917822e-11,0.00030998953,0.004516527,2.7042774e-06,0.012627075,69.77824,0.27623063,0.07854084,29.849846
XLNX,Victor Peng,2018,42,Man,asian,happy,0.0024830226,99.99752,79.69828,6.358383,2.3071296,3.4371393,0.4743867,7.724679,0.00026142987,3.3308923e-05,0.0041450583,94.61677,0.040539354,0.0044671632,5.333791
XLNX,Victor Peng,2019,37,Man,asian,sad,0.0029694627,99.99703,38.739777,11.697939,3.0852711,10.184539,4.977472,31.315004,29.072277,3.4074055e-06,0.27388728,0.18104976,57.54946,0.0010219619,12.922299
NLOK,Enrique Salem,2011,39,Man,white,happy,0.0033805242,99.99661,3.2266,1.9438818,0.4382886,66.813286,13.616455,13.961493,1.1201091e-07,6.388572e-19,1.6379456e-10,99.97355,5.971852e-08,9.397449e-07,0.026455093
NLOK,Steve Bennett,2012,38,Man,white,happy,0.0019085587,99.99809,1.1429583,0.9306916,0.071100846,75.87371,14.782423,7.1991177,7.0025308e-06,1.8712423e-12,1.1513263e-06,99.977486,9.37709e-06,0.0012910566,0.021208026
NLOK,Steve Bennett,2013,38,Man,white,happy,0.0019085587,99.99809,1.1429583,0.9306916,0.071100846,75.87371,14.782423,7.1991177,7.0025308e-06,1.8712423e-12,1.1513263e-06,99.977486,9.37709e-06,0.0012910566,0.021208026
NLOK,Michael A. Brown,2014,26,Man,latino hispanic,happy,0.014038249,99.985954,4.9051414,12.303567,2.2269807,16.9709,12.484897,51.108517,1.1105924e-05,7.340274e-08,5.3769858e-05,98.16798,0.00038336788,0.029016526,1.8025662
NLOK,Michael A. Brown,2015,26,Man,latino hispanic,happy,0.014038249,99.985954,4.9051414,12.303567,2.2269807,16.9709,12.484897,51.108517,1.1105924e-05,7.340274e-08,5.3769858e-05,98.16798,0.00038336788,0.029016526,1.8025662
NLOK,Greg Clark,2016,36,Man,white,happy,2.1304514,97.869545,0.007813789,0.029698186,0.0012598903,85.20615,8.154063,6.6010184,3.9264814e-06,5.1661664e-10,3.0634576e-06,99.90615,6.2631436e-05,4.346252e-06,0.093768455
NLOK,Greg Clark,2017,35,Man,white,happy,0.07366795,99.92634,0.59360445,0.21856697,0.020118048,81.658,6.5707154,10.939,6.230877e-06,9.214786e-14,2.5301776e-09,91.697266,5.9399255e-05,1.9576355e-06,8.302669
NLOK,Greg Clark,2018,34,Man,white,happy,1.0131558,98.98684,0.5199802,0.70130515,0.05252205,64.43073,14.777533,19.517937,2.1244093e-06,1.7302074e-15,3.674003e-11,97.58869,2.7153854e-05,1.8432377e-07,2.41128
NLOK,Richard Hill (interim),2019,35,Man,white,neutral,0.26611987,99.73389,6.1493335,5.3247814,1.1406702,35.993095,20.350176,31.041946,1.8830752,0.0037347926,2.2660952,20.557095,5.1644135,0.12137963,70.0042
AKAM,Paul Sagan,2010,33,Man,latino hispanic,neutral,0.0014753931,99.99852,2.4919696,9.697139,1.8918734,26.476187,29.11419,30.32864,0.16797487,5.1985065e-09,0.04006916,0.14377125,4.115823,1.5367785e-05,95.53235
AKAM,Paul Sagan,2012,36,Man,white,happy,0.00048061053,99.99953,0.13254158,0.46339738,0.04534552,74.22455,16.781359,8.352802,7.32724,4.370625e-06,0.8424798,91.82813,0.0020795306,1.2776766e-07,6.4526575e-05
AKAM,Tom Leighton,2013,25,Man,white,happy,0.20276988,99.79723,1.0097537e-17,7.826496e-19,7.4789706e-23,100.0,6.1648566e-09,4.200148e-09,1.2483505e-05,9.517403e-12,2.490796e-06,99.93565,2.2634196e-05,0.000154138,0.06414282
AKAM,Tom Leighton,2014,29,Man,white,neutral,0.22089626,99.779106,4.4206216e-09,1.5237908e-10,3.639987e-14,99.999985,4.5715537e-06,7.862127e-06,0.13317405,1.4910789e-05,0.5030454,40.498318,0.19734965,0.000106327854,58.66799
AKAM,Tom Leighton,2015,49,Man,white,neutral,0.242373,99.75763,0.0036223566,0.00045723654,1.0889165e-05,99.57678,0.13626142,0.28286538,1.0057247,3.7386108e-06,3.295874,0.2671144,42.485,0.14806673,52.798225
AKAM,Tom Leighton,2016,31,Man,white,happy,0.01675252,99.98324,0.07599107,0.033063475,0.0011216153,94.972145,2.4282105,2.4894729,0.122866206,2.7284452e-07,0.006498553,80.16183,0.033294603,0.005473854,19.670044
AKAM,Tom Leighton,2017,32,Man,white,happy,14.025185,85.974815,4.4637084,0.30172983,0.17376953,87.73214,3.4314737,3.8971753,2.0497982e-06,3.7076496e-14,2.6253133e-07,99.98709,9.929363e-06,0.0009186795,0.011985766
AKAM,Tom Leighton,2018,34,Man,white,happy,5.1657763,94.83423,0.002920523,0.044287715,0.006903329,87.97653,10.169986,1.7993731,0.062069755,1.03171494e-07,0.08880481,99.63502,0.19789198,1.6652425e-07,0.016211674
AKAM,Tom Leighton,2019,42,Man,white,sad,0.05999077,99.94002,1.3902112e-09,5.044607e-09,1.7713544e-12,99.99572,0.0010528661,0.0032273943,11.003718,0.0012513581,32.580395,0.040210668,49.51923,0.43022272,6.4249763
VRSN,Jim Bidzos,2010,47,Man,middle eastern,neutral,0.00849514,99.9915,0.07289613,8.1915,0.27667683,10.12938,73.70985,7.6197057,28.065704,0.000101908416,4.0662055,0.110914804,23.108437,0.00011689853,44.64852
VRSN,Jim Bidzos,2012,30,Man,white,fear,0.0028348498,99.99716,0.1343259,1.9550437,0.09000494,43.95953,30.134483,23.726616,0.008429456,0.055868242,64.14437,33.713383,1.4859056,1.3901592e-05,0.59203714
VRSN,Jim Bidzos,2013,50,Man,white,neutral,0.0020137853,99.997986,0.2946933,2.487579,0.09475874,51.396973,33.129417,12.596578,1.4395128,6.8603435e-06,0.015583291,0.14353968,2.8105724,0.00022085528,95.59056
VRSN,Jim Bidzos,2014,49,Man,white,neutral,0.0023381598,99.997665,0.08264666,1.3805375,0.0351395,50.26668,38.10973,10.125267,1.5427941,0.00022002976,0.007534374,9.692161,3.1228788,0.0071302187,85.62729
VRSN,Jim Bidzos,2015,46,Man,middle eastern,neutral,0.0011882485,99.99881,0.9236611,3.3929927,0.27403626,34.75501,37.66007,22.994228,0.035140697,3.5093453e-05,0.002921879,12.720715,0.6280224,0.0037421791,86.60942
VRSN,Jim Bidzos,2016,46,Man,middle eastern,neutral,0.0011882485,99.99881,0.9236611,3.3929927,0.27403626,34.75501,37.66007,22.994228,0.035140697,3.5093453e-05,0.002921879,12.720715,0.6280224,0.0037421791,86.60942
VRSN,Jim Bidzos,2017,44,Man,middle eastern,neutral,0.015159888,99.98483,0.04154768,4.491476,0.07716949,10.703432,74.892,9.79438,0.07421187,6.477719e-07,0.004336015,20.94308,0.40869784,0.0027535348,78.56692
VRSN,Jim Bidzos,2018,34,Man,latino hispanic,neutral,0.0029216264,99.99708,6.0955553,9.461902,2.5367017,20.11715,30.877525,30.911163,4.816348,0.0016783292,0.0003495579,0.0012637813,2.437381,0.0020539113,92.74093
VRSN,Jim Bidzos,2019,46,Man,middle eastern,neutral,0.0011882485,99.99881,0.9236611,3.3929927,0.27403626,34.75501,37.66007,22.994228,0.035140697,3.5093453e-05,0.002921879,12.720715,0.6280224,0.0037421791,86.60942
KEYS,Ron Nersesian,2014,45,Man,asian,fear,1.327871,98.67213,36.934273,5.5197024,1.4388449,30.424225,9.774534,15.908413,4.0707254,0.037049733,56.911762,0.4428726,19.386433,0.23519148,18.915962
KEYS,Ron Nersesian,2015,43,Man,white,happy,0.05956341,99.94043,0.23707286,0.089559235,0.0029015269,92.121475,3.382571,4.1664214,0.0014604583,1.9960694e-06,0.007974801,92.607834,0.124894604,0.12836733,7.1294756
KEYS,Ron Nersesian,2016,38,Man,white,happy,0.063564755,99.93643,20.681404,0.73859787,0.27595466,61.53081,5.0203867,11.752848,8.748638e-05,2.0385013e-07,0.0048175626,94.72472,0.0009723713,0.04871341,5.2206945
KEYS,Ron Nersesian,2017,33,Man,white,neutral,0.1233294,99.87668,0.0011666317,0.0019529094,4.9207e-05,98.42128,0.85480857,0.7207429,0.39692312,3.0207837e-06,0.6597863,4.079241,0.89437217,0.0066816933,93.96299
KEYS,Ron Nersesian,2018,43,Man,white,happy,0.05956341,99.94043,0.23707286,0.089559235,0.0029015269,92.121475,3.382571,4.1664214,0.0014604583,1.9960694e-06,0.007974801,92.607834,0.124894604,0.12836733,7.1294756
KEYS,Ron Nersesian,2019,60,Man,white,angry,0.6039305,99.39607,28.438112,2.1011865,0.3657941,45.859184,7.0869207,16.14881,38.273556,1.8266577e-05,4.0213313,36.66386,2.0052645,0.5341541,18.501818
IT,Gene Hall,2010,41,Man,white,happy,0.5506939,99.44931,36.480743,0.43884423,0.22970822,53.051716,2.306768,7.4922256,0.2233922,0.0012998083,2.2244644,94.14909,2.1725457,0.02274393,1.2064612
IT,Gene Hall,2011,29,Man,white,happy,0.0020077222,99.998,17.27129,1.835246,3.3816214,35.625767,6.628272,35.257805,8.741624e-06,5.5494163e-14,1.4162705e-07,99.46941,0.00045687816,0.0003110861,0.52980727
IT,Gene Hall,2012,41,Man,white,happy,0.5506939,99.44931,36.480743,0.43884423,0.22970822,53.051716,2.306768,7.4922256,0.2233922,0.0012998083,2.2244644,94.14909,2.1725457,0.02274393,1.2064612
IT,Gene Hall,2013,41,Man,white,happy,0.5506939,99.44931,36.480743,0.43884423,0.22970822,53.051716,2.306768,7.4922256,0.2233922,0.0012998083,2.2244644,94.14909,2.1725457,0.02274393,1.2064612
IT,Gene Hall,2014,33,Man,asian,happy,0.16816077,99.83184,54.425007,1.7306064,0.97526926,18.393301,2.8236964,21.652115,0.0033445344,1.1152624e-06,0.0042325915,93.64695,0.21121916,0.0016341422,6.132619
IT,Gene Hall,2015,33,Man,asian,happy,0.12427458,99.875725,56.157505,2.0893805,1.1234859,15.290583,2.9996662,22.339384,0.011594428,2.7576076e-05,0.084983446,99.539764,0.05669003,0.0029291438,0.30401078
IT,Gene Hall,2016,41,Man,white,happy,0.5506939,99.44931,36.480743,0.43884423,0.22970822,53.051716,2.306768,7.4922256,0.2233922,0.0012998083,2.2244644,94.14909,2.1725457,0.02274393,1.2064612
IT,Gene Hall,2017,46,Man,asian,sad,0.16849636,99.83151,56.02849,4.6408315,2.844093,13.328357,3.6405551,19.51767,22.798792,0.004940406,3.0803452,1.7568939,68.838135,0.0010346818,3.5198596
IT,Gene Hall,2018,44,Man,asian,fear,0.1520431,99.84795,45.559998,18.017382,19.592997,2.1178448,0.78568476,13.926093,0.7668196,5.926104e-06,32.07988,5.901551,22.720425,13.094263,25.437054
IT,Gene Hall,2019,36,Man,asian,happy,0.046030678,99.95397,76.892975,0.8488539,3.1832423,3.0792542,0.43198752,15.563696,0.00013543709,7.1804135e-10,1.855872e-06,95.43887,0.0014824856,0.00417528,4.555334
EPAM,Arkadiy Dobkin,2010,45,Man,white,happy,0.0030494463,99.99695,0.39472544,2.006233,0.17121057,54.78187,30.163399,12.482561,2.9455125e-06,3.4255304e-15,1.3661638e-06,99.9999,6.5134174e-09,2.442816e-05,6.440802e-05
EPAM,Arkadiy Dobkin,2011,45,Man,white,happy,0.0030494463,99.99695,0.39472544,2.006233,0.17121057,54.78187,30.163399,12.482561,2.9455125e-06,3.4255304e-15,1.3661638e-06,99.9999,6.5134174e-09,2.442816e-05,6.440802e-05
EPAM,Arkadiy Dobkin,2012,41,Man,white,neutral,0.002389501,99.99762,0.05897163,0.7995753,0.033282816,62.590828,27.839571,8.677778,2.8619022,6.0687456e-05,4.8722305,0.2359084,15.897838,0.086938106,76.04513
EPAM,Arkadiy Dobkin,2013,47,Man,white,angry,0.07353703,99.92647,20.141722,7.8445053,2.4066236,31.859854,21.716019,16.031275,63.214222,0.10329378,27.696962,0.7362429,1.0655509,6.433281,0.7504487
EPAM,Arkadiy Dobkin,2014,45,Man,white,happy,0.0030494463,99.99695,0.39472544,2.006233,0.17121057,54.78187,30.163399,12.482561,2.9455125e-06,3.4255304e-15,1.3661638e-06,99.9999,6.5134174e-09,2.442816e-05,6.440802e-05
EPAM,Arkadiy Dobkin,2015,43,Man,white,neutral,0.002045101,99.99795,0.07650402,1.0770137,0.04301831,61.2254,28.667198,8.910865,1.16837,1.5881594e-06,3.4765713,0.0651123,5.9778237,0.054696225,89.25743
EPAM,Arkadiy Dobkin,2016,50,Man,middle eastern,neutral,0.003002156,99.996994,5.6969023,8.616779,2.2856333,27.300907,31.719738,24.380043,13.425614,3.5875544e-07,0.092961624,1.5409025,13.519804,0.005040702,71.41567
EPAM,Arkadiy Dobkin,2017,34,Man,middle eastern,angry,0.020081222,99.97992,0.09728914,21.923618,0.10559135,6.4075494,67.50613,3.9598212,65.668106,2.418474e-06,0.025316231,27.29395,3.732845,3.336509e-05,3.2797396
EPAM,Arkadiy Dobkin,2018,43,Man,middle eastern,happy,0.007383955,99.99262,2.391109,9.163289,1.9292685,22.814636,45.792847,17.90885,0.29745567,1.4143004e-11,0.14924467,99.35569,0.00093555916,0.0010461551,0.19561748
EPAM,Arkadiy Dobkin,2019,50,Man,middle eastern,neutral,0.0026291613,99.99737,4.3641496,9.934403,2.0898855,24.897774,35.379166,23.33463,8.778914,2.0581541e-07,0.17443924,1.5766342,7.8818746,0.009356183,81.57878
JKHY,Jack Prim,2010,50,Man,white,neutral,0.15152438,99.84848,1.260453e-05,1.4021048e-05,6.404056e-07,99.93867,0.027447157,0.033859696,0.042595893,1.5170577e-09,0.0011909195,0.5351621,0.03920599,0.0011562333,99.38069
JKHY,Jack Prim,2011,50,Man,white,neutral,0.15152438,99.84848,1.260453e-05,1.4021048e-05,6.404056e-07,99.93867,0.027447157,0.033859696,0.042595893,1.5170577e-09,0.0011909195,0.5351621,0.03920599,0.0011562333,99.38069
JKHY,Jack Prim,2012,50,Man,white,neutral,0.15152438,99.84848,1.260453e-05,1.4021048e-05,6.404056e-07,99.93867,0.027447157,0.033859696,0.042595893,1.5170577e-09,0.0011909195,0.5351621,0.03920599,0.0011562333,99.38069
JKHY,Jack Prim,2014,50,Man,white,neutral,0.15152438,99.84848,1.260453e-05,1.4021048e-05,6.404056e-07,99.93867,0.027447157,0.033859696,0.042595893,1.5170577e-09,0.0011909195,0.5351621,0.03920599,0.0011562333,99.38069
JKHY,Jack Prim,2015,50,Man,white,neutral,0.15152438,99.84848,1.260453e-05,1.4021048e-05,6.404056e-07,99.93867,0.027447157,0.033859696,0.042595893,1.5170577e-09,0.0011909195,0.5351621,0.03920599,0.0011562333,99.38069
JKHY,Jack Prim,2016,50,Man,white,neutral,0.15152438,99.84848,1.260453e-05,1.4021048e-05,6.404056e-07,99.93867,0.027447157,0.033859696,0.042595893,1.5170577e-09,0.0011909195,0.5351621,0.03920599,0.0011562333,99.38069
CDW,Thomas E. Richards,2013,27,Man,white,happy,0.0011073444,99.99889,0.0025891569,0.055429485,0.00064724416,81.356346,10.20678,8.3782015,1.5878261e-06,4.558331e-16,1.0408856e-12,99.98759,3.097693e-08,1.4075878e-08,0.012412838
CDW,Thomas E. Richards,2014,26,Man,white,happy,0.0012224799,99.99877,0.0046364255,0.019554252,0.00023797007,89.40005,4.1025095,6.4730196,2.0506125e-10,7.4820154e-20,3.904203e-14,99.99631,5.325018e-09,3.9950395e-12,0.0036933871
CDW,Thomas E. Richards,2015,27,Man,white,happy,0.0011073444,99.99889,0.0025891569,0.055429485,0.00064724416,81.356346,10.20678,8.3782015,1.5878261e-06,4.558331e-16,1.0408856e-12,99.98759,3.097693e-08,1.4075878e-08,0.012412838
CDW,Thomas E. Richards,2016,27,Man,white,happy,0.0011073444,99.99889,0.0025891569,0.055429485,0.00064724416,81.356346,10.20678,8.3782015,1.5878261e-06,4.558331e-16,1.0408856e-12,99.98759,3.097693e-08,1.4075878e-08,0.012412838
CDW,Christine A. Leahy,2017,26,Woman,white,happy,91.83438,8.165624,0.055327777,0.09753085,0.008963686,80.684,8.763479,10.390706,1.5699743e-07,4.0859075e-13,2.6139753e-08,99.98977,5.7862977e-08,4.568272e-06,0.010219659
CDW,Christine A. Leahy,2018,28,Man,white,happy,13.098658,86.90135,0.011832726,0.050301366,0.0023328657,82.87103,6.574123,10.490378,0.0004231464,2.5891566e-06,0.00044789386,96.50775,0.008237357,0.0012307717,3.4819071
CDW,Christine A. Leahy,2019,43,Man,asian,angry,49.62148,50.378513,25.610867,12.838542,12.678903,15.741137,15.252655,17.877897,81.88217,0.001420156,0.040461287,1.9576113,2.7280211,2.4348152,10.955502
ANSS,James Cashman,2010,31,Man,white,neutral,0.7566277,99.24338,9.01029,4.3353477,1.3276997,50.549103,18.222267,16.555296,4.5810747,0.002175427,3.0174148,4.8590975,12.794699,0.023921633,74.72162
ANSS,James Cashman,2011,28,Man,white,happy,0.056156017,99.94385,9.44841,9.817289,5.5049057,33.729347,17.621454,23.878593,1.0412036e-06,1.127057e-11,1.3293361e-07,93.64622,0.0018564393,2.1966789e-05,6.3519053
ANSS,James Cashman,2012,28,Man,white,happy,0.056156017,99.94385,9.44841,9.817289,5.5049057,33.729347,17.621454,23.878593,1.0412036e-06,1.127057e-11,1.3293361e-07,93.64622,0.0018564393,2.1966789e-05,6.3519053
ANSS,James Cashman,2014,30,Man,white,happy,0.052231915,99.94777,7.706102,8.209756,3.2262647,33.393345,20.57603,26.888504,1.7235601e-07,1.5512946e-13,1.0206901e-08,95.29472,0.000384414,3.6089868e-06,4.704891
ANSS,James Cashman,2015,28,Man,white,happy,0.056156017,99.94385,9.44841,9.817289,5.5049057,33.729347,17.621454,23.878593,1.0412036e-06,1.127057e-11,1.3293361e-07,93.64622,0.0018564393,2.1966789e-05,6.3519053
ANSS,Ajei Gopal,2016,28,Man,latino hispanic,happy,0.07872431,99.92127,8.407842,15.4085865,3.4293964,20.422642,16.900656,35.43088,6.0665316e-05,1.6710275e-12,3.1813602e-07,66.69083,0.001994767,0.00021097156,33.306908
ANSS,Ajei Gopal,2017,27,Man,latino hispanic,happy,0.016237726,99.983765,5.660737,7.5145326,3.1107345,9.92904,3.549088,70.23587,8.632005e-05,4.585641e-06,0.014534795,99.69453,0.00012357927,0.0029489265,0.28777266
ANSS,Ajei Gopal,2019,33,Man,latino hispanic,happy,0.09527757,99.904724,16.160496,15.288518,8.854943,4.8677425,3.1578367,51.670464,1.4593154e-07,7.068331e-12,2.2224513e-06,99.60636,1.2345416e-05,0.0033720261,0.390255
APH,Martin H. Loeffler,2011,39,Man,white,happy,0.1832778,99.81672,8.254264e-11,2.2210287e-11,3.87705e-15,99.99996,2.7233491e-05,9.500043e-06,2.2661943e-05,1.7065555e-13,1.1777241e-05,99.99617,1.6209738e-08,0.0020452265,0.001751861
APH,R. Adam Norwitt,2012,32,Man,white,happy,0.28280306,99.71719,1.1539895e-16,1.4306514e-16,3.5051795e-21,100.0,1.3656903e-07,6.895393e-08,3.992068e-12,4.517446e-21,3.8671902e-14,99.99781,7.61572e-11,3.7518952e-09,0.002190205
APH,R. Adam Norwitt,2014,32,Man,white,happy,0.28280306,99.71719,1.1539895e-16,1.4306514e-16,3.5051795e-21,100.0,1.3656903e-07,6.895393e-08,3.992068e-12,4.517446e-21,3.8671902e-14,99.99781,7.61572e-11,3.7518952e-09,0.002190205
APH,R. Adam Norwitt,2015,32,Man,white,happy,0.28280306,99.71719,1.1539895e-16,1.4306514e-16,3.5051795e-21,100.0,1.3656903e-07,6.895393e-08,3.992068e-12,4.517446e-21,3.8671902e-14,99.99781,7.61572e-11,3.7518952e-09,0.002190205
APH,R. Adam Norwitt,2016,32,Man,white,happy,0.28280306,99.71719,1.1539895e-16,1.4306514e-16,3.5051795e-21,100.0,1.3656903e-07,6.895393e-08,3.992068e-12,4.517446e-21,3.8671902e-14,99.99781,7.61572e-11,3.7518952e-09,0.002190205
APH,R. Adam Norwitt,2018,32,Man,white,happy,0.28280306,99.71719,1.1539895e-16,1.4306514e-16,3.5051795e-21,100.0,1.3656903e-07,6.895393e-08,3.992068e-12,4.517446e-21,3.8671902e-14,99.99781,7.61572e-11,3.7518952e-09,0.002190205
APH,R. Adam Norwitt,2019,30,Man,white,happy,0.015243847,99.98476,4.7769515e-17,8.544248e-16,2.5606903e-21,100.0,6.0205616e-07,1.6096676e-07,3.9923837e-12,4.8198714e-26,1.7322717e-15,100.0,4.5963954e-13,5.1360674e-13,4.429806e-09
ON,Keith D. Jackson,2010,43,Man,black,happy,0.24223849,99.75776,18.130781,8.854308,25.948027,19.384039,8.233052,19.449795,12.793952,0.006216917,5.948665,65.669,0.74288774,0.19721583,14.642064
ON,Keith D. Jackson,2011,43,Man,black,happy,0.24223849,99.75776,18.130781,8.854308,25.948027,19.384039,8.233052,19.449795,12.793952,0.006216917,5.948665,65.669,0.74288774,0.19721583,14.642064
ON,Keith D. Jackson,2012,43,Man,black,happy,0.24223849,99.75776,18.130781,8.854308,25.948027,19.384039,8.233052,19.449795,12.793952,0.006216917,5.948665,65.669,0.74288774,0.19721583,14.642064
ON,Keith D. Jackson,2013,42,Man,white,happy,0.019351555,99.980644,2.4371793,7.7442894,10.177327,31.885914,23.296318,24.458971,2.160606e-05,1.0024087e-06,8.991517e-05,98.067215,0.020082572,0.005517206,1.9070685
ON,Keith D. Jackson,2014,43,Man,black,happy,0.24223849,99.75776,18.130781,8.854308,25.948027,19.384039,8.233052,19.449795,12.793952,0.006216917,5.948665,65.669,0.74288774,0.19721583,14.642064
ON,Keith D. Jackson,2016,58,Man,white,happy,0.18473704,99.815254,33.69332,0.7977809,0.32567683,51.947407,5.1900535,8.045765,0.077140756,0.10837027,1.1761928,95.9802,1.8373996,0.0011935151,0.8195002
ON,Keith D. Jackson,2017,43,Man,black,happy,0.24223849,99.75776,18.130781,8.854308,25.948027,19.384039,8.233052,19.449795,12.793952,0.006216917,5.948665,65.669,0.74288774,0.19721583,14.642064
ON,Keith D. Jackson,2018,47,Man,white,happy,0.13996902,99.86003,0.0017815442,0.00024585414,5.7080815e-06,99.77546,0.09260521,0.12989639,5.364854e-05,1.969507e-11,3.0054638e-05,99.9167,2.952495e-05,1.0988534e-05,0.083171174
MCHP,Steve Sanghi,2010,25,Man,latino hispanic,happy,0.0052597625,99.99474,5.147396,25.60106,4.6619678,16.437086,19.895035,28.257462,1.0846044e-05,3.2926383e-12,8.268513e-07,99.46928,3.056201e-05,0.00019676048,0.53048885
MCHP,Steve Sanghi,2011,25,Man,latino hispanic,happy,0.0052597625,99.99474,5.147396,25.60106,4.6619678,16.437086,19.895035,28.257462,1.0846044e-05,3.2926383e-12,8.268513e-07,99.46928,3.056201e-05,0.00019676048,0.53048885
MCHP,Steve Sanghi,2012,25,Man,latino hispanic,happy,0.0052597625,99.99474,5.147396,25.60106,4.6619678,16.437086,19.895035,28.257462,1.0846044e-05,3.2926383e-12,8.268513e-07,99.46928,3.056201e-05,0.00019676048,0.53048885
MCHP,Steve Sanghi,2013,25,Man,latino hispanic,happy,0.0052597625,99.99474,5.147396,25.60106,4.6619678,16.437086,19.895035,28.257462,1.0846044e-05,3.2926383e-12,8.268513e-07,99.46928,3.056201e-05,0.00019676048,0.53048885
MCHP,Steve Sanghi,2015,37,Man,latino hispanic,happy,0.7569085,99.243095,8.275766,15.647096,14.032355,14.097985,11.054815,36.891983,0.2266809,0.00020688679,0.05478837,92.895615,0.22885194,3.4748025,3.119058
MCHP,Steve Sanghi,2016,25,Man,latino hispanic,happy,0.0052597625,99.99474,5.147396,25.60106,4.6619678,16.437086,19.895035,28.257462,1.0846044e-05,3.2926383e-12,8.268513e-07,99.46928,3.056201e-05,0.00019676048,0.53048885
MCHP,Steve Sanghi,2017,45,Man,white,neutral,0.13727583,99.86273,4.9463673,6.051549,1.5795616,38.48556,24.10191,24.835049,5.7948382e-05,2.5707916e-09,1.4306638,27.537853,0.0060932785,0.7943364,70.230995
MCHP,Steve Sanghi,2018,34,Man,middle eastern,happy,0.067266785,99.93273,3.965244,14.008207,2.9530482,23.789978,31.550884,23.732637,0.07215215,5.400906e-06,0.07878984,79.843185,0.008890194,15.539324,4.457645
MCHP,Steve Sanghi,2019,47,Man,middle eastern,neutral,0.51929516,99.480705,9.788498,13.510413,8.959532,20.427687,25.753641,21.560225,0.040312767,6.2409556e-05,0.031460643,21.171133,1.7306691,0.029515568,76.99685
SWKS,David J. Aldrich,2014,29,Man,white,fear,0.036771957,99.96323,1.5555878,0.45214418,0.32057604,76.41159,6.782044,14.478062,0.42310894,0.00022324409,99.23645,0.07939419,0.07083065,0.1272572,0.062739134
SWKS,David J. Aldrich,2015,29,Man,white,fear,0.036771957,99.96323,1.5555878,0.45214418,0.32057604,76.41159,6.782044,14.478062,0.42310894,0.00022324409,99.23645,0.07939419,0.07083065,0.1272572,0.062739134
SWKS,David J. Aldrich,2016,27,Man,white,happy,0.045340218,99.95466,30.608332,3.9083695,3.6938357,32.943607,9.982062,18.863792,0.10535009,1.0858665e-05,0.1369102,99.133415,0.29295117,0.26825523,0.063110426
SWKS,David J. Aldrich,2017,29,Man,white,fear,0.036771957,99.96323,1.5555878,0.45214418,0.32057604,76.41159,6.782044,14.478062,0.42310894,0.00022324409,99.23645,0.07939419,0.07083065,0.1272572,0.062739134
SWKS,Liam Griffin,2019,45,Man,white,happy,0.07119214,99.92882,0.001360833,0.0132679455,9.499859e-05,92.14942,6.5248656,1.31099,9.313897e-07,9.948208e-12,2.1074202e-09,93.888466,0.00012204126,8.304997e-06,6.1114087
MPWR,Michael Hsing,2010,40,Man,middle eastern,happy,0.17265034,99.82735,1.0563035,5.3782063,0.13229059,38.773163,43.170918,11.489125,0.008639991,2.2995421e-07,0.7420834,74.78738,0.27791357,0.0037984266,24.180195
MPWR,Michael Hsing,2012,40,Man,middle eastern,happy,0.17265034,99.82735,1.0563035,5.3782063,0.13229059,38.773163,43.170918,11.489125,0.008639991,2.2995421e-07,0.7420834,74.78738,0.27791357,0.0037984266,24.180195
MPWR,Michael Hsing,2013,40,Man,middle eastern,happy,0.17265034,99.82735,1.0563035,5.3782063,0.13229059,38.773163,43.170918,11.489125,0.008639991,2.2995421e-07,0.7420834,74.78738,0.27791357,0.0037984266,24.180195
MPWR,Michael Hsing,2014,40,Man,middle eastern,happy,0.17265034,99.82735,1.0563035,5.3782063,0.13229059,38.773163,43.170918,11.489125,0.008639991,2.2995421e-07,0.7420834,74.78738,0.27791357,0.0037984266,24.180195
MPWR,Michael Hsing,2016,40,Man,middle eastern,happy,0.17265034,99.82735,1.0563035,5.3782063,0.13229059,38.773163,43.170918,11.489125,0.008639991,2.2995421e-07,0.7420834,74.78738,0.27791357,0.0037984266,24.180195
MPWR,Michael Hsing,2017,40,Man,middle eastern,happy,0.17265034,99.82735,1.0563035,5.3782063,0.13229059,38.773163,43.170918,11.489125,0.008639991,2.2995421e-07,0.7420834,74.78738,0.27791357,0.0037984266,24.180195
MPWR,Michael Hsing,2018,40,Man,middle eastern,happy,0.17265034,99.82735,1.0563035,5.3782063,0.13229059,38.773163,43.170918,11.489125,0.008639991,2.2995421e-07,0.7420834,74.78738,0.27791357,0.0037984266,24.180195
MPWR,Michael Hsing,2019,40,Man,middle eastern,happy,0.17265034,99.82735,1.0563035,5.3782063,0.13229059,38.773163,43.170918,11.489125,0.008639991,2.2995421e-07,0.7420834,74.78738,0.27791357,0.0037984266,24.180195
ENPH,Paul Nahi,2014,27,Man,middle eastern,happy,0.004363772,99.995636,0.13648002,4.1224303,0.07273449,14.005911,63.888653,17.773792,7.707024e-08,2.2220665e-12,1.2693939e-08,98.08117,3.692474e-05,2.2402288e-05,1.9187663
ENPH,Paul Nahi,2015,27,Man,middle eastern,happy,0.004363772,99.995636,0.13648002,4.1224303,0.07273449,14.005911,63.888653,17.773792,7.707024e-08,2.2220665e-12,1.2693939e-08,98.08117,3.692474e-05,2.2402288e-05,1.9187663
ENPH,Paul Nahi,2016,27,Man,middle eastern,happy,0.004363772,99.995636,0.13648002,4.1224303,0.07273449,14.005911,63.888653,17.773792,7.707024e-08,2.2220665e-12,1.2693939e-08,98.08117,3.692474e-05,2.2402288e-05,1.9187663
ENPH,Paul Nahi,2017,27,Man,middle eastern,happy,0.004363772,99.995636,0.13648002,4.1224303,0.07273449,14.005911,63.888653,17.773792,7.707024e-08,2.2220665e-12,1.2693939e-08,98.08117,3.692474e-05,2.2402288e-05,1.9187663
TER,Michael A. Bradley,2012,46,Man,white,happy,0.016481034,99.98351,1.2964934e-08,2.0248478e-08,5.4446034e-11,99.99599,0.0029254477,0.0010876454,7.365736e-05,8.9844944e-17,3.6598342e-09,99.99991,1.0746555e-08,1.7358457e-11,2.8132117e-05
TYL,John S. Marr Jr.,2018,49,Man,white,happy,0.053745206,99.94625,0.034947623,0.037346352,0.0036080438,88.408676,6.0728893,5.4425282,5.351635e-10,4.552022e-17,1.2147949e-11,99.76358,1.4964976e-06,4.985265e-07,0.23642261
TYL,Lynn Moore Jr.,2019,27,Man,white,happy,0.25438076,99.74563,0.008413418,0.009276843,0.0004039704,94.97353,2.3404174,2.6679516,3.1253236e-13,3.4446983e-19,1.1237643e-13,99.99773,5.3354e-10,2.5617236e-08,0.0022793934
