CEO,Year,Ticker,Company,mean_daily_return,final_year_cum_ret_daily,final_tenure_cum_ret_daily,year_cum_ret_overall,tenure_cum_ret_overall
Aart de Geus,2010,SNPS,"Synopsys, Inc.",0.000800610899003158,1.1991978256226095,1.1991978256226095,1.1991978256226095,6.198752352630331
Aart de Geus,2011,SNPS,"Synopsys, Inc.",0.00016088520949892433,1.01077669703351,1.2121212172725884,1.01077669703351,6.198752352630331
Aart de Geus,2012,SNPS,"Synopsys, Inc.",0.0006988393801145478,1.1705882080698509,1.4188948036905649,1.1705882080698509,6.198752352630331
Aart de Geus,2013,SNPS,"Synopsys, Inc.",0.0010115419909127996,1.2741834013944457,1.8079322071873547,1.2741834013944457,6.198752352630331
Aart de Geus,2014,SNPS,"Synopsys, Inc.",0.00033458472919102697,1.0714814283385086,1.9371657836962972,1.0714814283385086,6.198752352630331
Aart de Geus,2015,SNPS,"Synopsys, Inc.",0.0002797664801529175,1.0492293381539923,2.0325311731222233,1.0492293381539923,6.198752352630331
Aart de Geus,2016,SNPS,"Synopsys, Inc.",0.0010767622774958386,1.2905064639923032,2.622994617180088,1.2905064639923032,6.198752352630331
Aart de Geus,2017,SNPS,"Synopsys, Inc.",0.0015241565783045146,1.4481820757707997,3.7985737894435005,1.4481820757707997,6.198752352630331
Aart de Geus,2018,SNPS,"Synopsys, Inc.",7.188319231239522e-05,0.9882684182888155,3.7540105106466886,0.9882684182888155,6.198752352630331
Aart de Geus,2019,SNPS,"Synopsys, Inc.",0.002121978889839664,1.6512346822285544,6.198752352630331,1.6512346822285544,6.198752352630331
Anders Gustafsson,2010,ZBRA,Zebra Technologies Corporation,0.0012526080638344031,1.3250785342647808,1.3250785342647808,1.3250785342647808,8.863271710294308
Anders Gustafsson,2011,ZBRA,Zebra Technologies Corporation,1.5954587668042658e-06,0.9418267227815725,1.2479943733548096,0.9418267227815725,8.863271710294308
Anders Gustafsson,2012,ZBRA,Zebra Technologies Corporation,0.00046496422830661423,1.098658544282476,1.3711196815027158,1.098658544282476,8.863271710294308
Anders Gustafsson,2013,ZBRA,Zebra Technologies Corporation,0.001338565261848965,1.3757313645834444,1.886292350440949,1.3757313645834444,8.863271710294308
Anders Gustafsson,2014,ZBRA,Zebra Technologies Corporation,0.0016145713589159004,1.43139794824596,2.700035000213216,1.43139794824596,8.863271710294308
Anders Gustafsson,2015,ZBRA,Zebra Technologies Corporation,-4.559293366878773e-05,0.899754530821333,2.4293687248180187,0.899754530821333,8.863271710294308
Anders Gustafsson,2016,ZBRA,Zebra Technologies Corporation,0.0012378363039227134,1.2312993576082822,2.991280150262077,1.2312993576082822,8.863271710294308
Anders Gustafsson,2017,ZBRA,Zebra Technologies Corporation,0.0008782384917848377,1.2103544830475963,3.6205093399209893,1.2103544830475963,8.863271710294308
Anders Gustafsson,2018,ZBRA,Zebra Technologies Corporation,0.0020183512200575406,1.534007620868203,5.553888918863299,1.534007620868203,8.863271710294308
Anders Gustafsson,2019,ZBRA,Zebra Technologies Corporation,0.002148889607252818,1.5958676595405026,8.863271710294308,1.5958676595405026,8.863271710294308
Anthony Moraco,2013,SAIC,Science Applications International Corporation,0.0010731211853079654,1.0612219797396978,1.0612219797396978,1.0612219797396978,2.275312482503536
Anthony Moraco,2014,SAIC,Science Applications International Corporation,0.0018423844280601406,1.539695037641567,1.6339582160413701,1.539695037641567,2.275312482503536
Anthony Moraco,2015,SAIC,Science Applications International Corporation,-5.152899805963536e-05,0.9469567436139381,1.547287751463774,0.9469567436139381,2.275312482503536
Anthony Moraco,2016,SAIC,Science Applications International Corporation,0.002691694336456158,1.894977948236437,2.932076168600196,1.894977948236437,2.275312482503536
Anthony Moraco,2017,SAIC,Science Applications International Corporation,-0.00012285260079796447,0.9181807949958778,2.6921760274737996,0.9181807949958778,2.275312482503536
Anthony Moraco,2018,SAIC,Science Applications International Corporation,-0.000488431064057143,0.845157396575799,2.275312482503536,0.845157396575799,2.275312482503536
Arkadiy Dobkin,2010,EPAM,"EPAM Systems, Inc.",,,,1.0,15.0364281790597
Arkadiy Dobkin,2011,EPAM,"EPAM Systems, Inc.",,,,1.0,15.0364281790597
Arkadiy Dobkin,2012,EPAM,"EPAM Systems, Inc.",0.0015801024978878686,1.2928571701049794,1.2928571701049794,1.2928571701049794,15.0364281790597
Arkadiy Dobkin,2013,EPAM,"EPAM Systems, Inc.",0.002803346277605666,1.9303866237748564,2.495714187622063,1.9303866237748564,15.0364281790597
Arkadiy Dobkin,2014,EPAM,"EPAM Systems, Inc.",0.001694680684316572,1.3666285597246384,3.4107142857142865,1.3666285597246384,15.0364281790597
Arkadiy Dobkin,2015,EPAM,"EPAM Systems, Inc.",0.002175182638175789,1.6464922041169021,5.615714481898714,1.6464922041169021,15.0364281790597
Arkadiy Dobkin,2016,EPAM,"EPAM Systems, Inc.",-0.0005702947990068227,0.8179851858551304,4.593571254185272,0.8179851858551304,15.0364281790597
Arkadiy Dobkin,2017,EPAM,"EPAM Systems, Inc.",0.0021385888801010756,1.6705023228665923,7.67357145036971,1.6705023228665923,15.0364281790597
Arkadiy Dobkin,2018,EPAM,"EPAM Systems, Inc.",0.0004885486768546348,1.0798659760465554,8.28642872401646,1.0798659760465554,15.0364281790597
Arkadiy Dobkin,2019,EPAM,"EPAM Systems, Inc.",0.0025556940797235414,1.8145848688084145,15.0364281790597,1.8145848688084145,15.0364281790597
Badri Kothandaraman,2018,ENPH,"Enphase Energy, Inc.",0.0040035154576864,1.962655539675276,1.962655539675276,1.962655539675276,10.526970927674796
Badri Kothandaraman,2019,ENPH,"Enphase Energy, Inc.",0.007775735504908139,5.363636519435536,10.526970927674796,5.363636519435536,10.526970927674796
Bob Swan,2018,INTC,Intel Corporation,0.0003924326420966106,1.042265622431307,1.042265622431307,1.042265622431307,1.3571302848270796
Bob Swan,2019,INTC,Intel Corporation,0.0011980030614466982,1.302096371231437,1.3571302848270796,1.302096371231437,1.3571302848270796
Brad Smith,2010,INTU,Intuit Inc.,0.0020360153947694953,1.6001292807956167,1.6001292807956167,1.6001292807956167,6.90766705537878
Brad Smith,2011,INTU,Intuit Inc.,0.00044466798920321185,1.0701571484778551,1.71238978833216,1.0701571484778551,6.90766705537878
Brad Smith,2012,INTU,Intuit Inc.,0.0006213167826415718,1.1431601876291242,1.9575358317239895,1.1431601876291242,6.90766705537878
Brad Smith,2013,INTU,Intuit Inc.,0.001112762431400144,1.2972708331467184,2.539454139335131,1.2972708331467184,6.90766705537878
Brad Smith,2014,INTU,Intuit Inc.,0.0008538534179833134,1.2205564757259166,3.0995471945744786,1.2205564757259166,6.90766705537878
Brad Smith,2015,INTU,Intuit Inc.,0.0003697900621174015,1.0584774937107493,3.2808009461513876,1.0584774937107493,6.90766705537878
Brad Smith,2016,INTU,Intuit Inc.,0.0008069846700815004,1.20167092644763,3.9424431124519974,1.20167092644763,6.90766705537878
Brad Smith,2017,INTU,Intuit Inc.,0.001380544458688117,1.392142973342369,5.488444476802068,1.392142973342369,6.90766705537878
Brad Smith,2018,INTU,Intuit Inc.,0.0010717457054033083,1.2585837543907628,6.90766705537878,1.2585837543907628,6.90766705537878
Brian Crutcher,2018,TXN,Texas Instruments Inc.,-0.00010733912434005375,0.9283048771992116,0.9283048771992116,0.9283048771992116,1.2892119872131604
Brian Crutcher,2019,TXN,Texas Instruments Inc.,0.0014515308058956316,1.388780796997255,1.2892119872131604,1.388780796997255,1.2892119872131604
Brian Humphries,2019,CTSH,Cognizant Technology Solutions Corporation,4.540166193846268e-05,0.9833780125128374,0.9833780125128374,0.9833780125128374,0.9833780125128374
Brian Krzanich,2013,INTC,Intel Corporation,0.0011544698394397176,1.309200427341777,1.309200427341777,1.309200427341777,2.6279421219515156
Brian Krzanich,2014,INTC,Intel Corporation,0.001550239413986562,1.4422399385387048,1.8881811438642537,1.4422399385387048,2.6279421219515156
Brian Krzanich,2015,INTC,Intel Corporation,2.8770887848371815e-05,0.9778604320430323,1.8463776291146075,0.9778604320430323,2.6279421219515156
Brian Krzanich,2016,INTC,Intel Corporation,0.00043451501446982915,1.087564236342805,2.008054276208467,1.087564236342805,2.6279421219515156
Brian Krzanich,2017,INTC,Intel Corporation,0.001130052521318047,1.3087007423492052,2.6279421219515156,1.3087007423492052,2.6279421219515156
Christine A. Leahy,2017,CDW,CDW Corporation,0.0012667860607355936,1.3491674666624927,1.3491674666624927,1.3491674666624927,2.8355172730667593
Christine A. Leahy,2018,CDW,CDW Corporation,0.0008063011793997725,1.1797504962980463,1.5916809883842546,1.1797504962980463,2.8355172730667593
Christine A. Leahy,2019,CDW,CDW Corporation,0.002422983778627057,1.7814607913016216,2.8355172730667593,1.7814607913016216,2.8355172730667593
Chuck Robbins,2015,CSCO,"Cisco Systems, Inc.",0.0001304154298108982,1.0061955778081109,1.0061955778081109,1.0061955778081109,2.00200065232809
Chuck Robbins,2016,CSCO,"Cisco Systems, Inc.",0.0006507769361067228,1.1513369343836604,1.1584701319439858,1.1513369343836604,2.00200065232809
Chuck Robbins,2017,CSCO,"Cisco Systems, Inc.",0.0011336263356813065,1.312682635178987,1.520703625576381,1.312682635178987,2.00200065232809
Chuck Robbins,2018,CSCO,"Cisco Systems, Inc.",0.0007496428791037278,1.1657161492536363,1.772708774562941,1.1657161492536363,2.00200065232809
Chuck Robbins,2019,CSCO,"Cisco Systems, Inc.",0.0006043266095664112,1.1293454858774965,2.00200065232809,1.1293454858774965,2.00200065232809
Dan Schulman,2015,PYPL,"PayPal Holdings, Inc.",0.00012784056426046054,0.9861073369529834,0.9861073369529834,0.9861073369529834,2.941160455284812
Dan Schulman,2016,PYPL,"PayPal Holdings, Inc.",0.0005009560237138002,1.090331511494948,1.0751839031962045,1.090331511494948,2.941160455284812
Dan Schulman,2017,PYPL,"PayPal Holdings, Inc.",0.0025834970309627997,1.8652140471337677,2.005448119493674,1.8652140471337677,2.941160455284812
Dan Schulman,2018,PYPL,"PayPal Holdings, Inc.",0.0007572053441154063,1.1422167147159659,2.2906563625813754,1.1422167147159659,2.941160455284812
Dan Schulman,2019,PYPL,"PayPal Holdings, Inc.",0.001124449139984505,1.283981527447606,2.941160455284812,1.283981527447606,2.941160455284812
David Foss,2017,JKHY,"Jack Henry & Associates, Inc.",0.0011742349026932486,1.3334679371975284,1.3334679371975284,1.3334679371975284,1.6951059502691288
David Foss,2018,JKHY,"Jack Henry & Associates, Inc.",0.0004363326418575807,1.0938188255886554,1.4585723330255256,1.0938188255886554,1.6951059502691288
David Foss,2019,JKHY,"Jack Henry & Associates, Inc.",0.0006561412414321296,1.1621679034271546,1.6951059502691288,1.1621679034271546,1.6951059502691288
David J. Aldrich,2010,SWKS,"Skyworks Solutions, Inc.",0.0028897787391886126,1.9318487875692283,1.9318487875692283,1.9318487875692283,6.697394865126052
David J. Aldrich,2011,SWKS,"Skyworks Solutions, Inc.",-0.0015694094306751372,0.5665385698528065,1.0944668492813467,0.5665385698528065,6.697394865126052
David J. Aldrich,2012,SWKS,"Skyworks Solutions, Inc.",0.0014152807851459807,1.2515415383508004,1.3697707242235297,1.2515415383508004,6.697394865126052
David J. Aldrich,2013,SWKS,"Skyworks Solutions, Inc.",0.0015993963520752378,1.4068964681787013,1.9271255941246657,1.4068964681787013,6.697394865126052
David J. Aldrich,2014,SWKS,"Skyworks Solutions, Inc.",0.004014691818000531,2.563531102688793,4.9402463993262,2.563531102688793,6.697394865126052
David J. Aldrich,2015,SWKS,"Skyworks Solutions, Inc.",0.0005498670677047555,1.0664206774432319,5.268380911905939,1.0664206774432319,6.697394865126052
David J. Aldrich,2016,SWKS,"Skyworks Solutions, Inc.",0.00025057128355137297,0.9878540559003697,5.2043914518543675,0.9878540559003697,6.697394865126052
David J. Aldrich,2017,SWKS,"Skyworks Solutions, Inc.",0.0011453986820788831,1.2868737732515692,6.697394865126052,1.2868737732515692,6.697394865126052
David Mosley,2018,STX,Seagate Technology Holdings PLC,0.00015057108851369258,0.9709964646212271,0.9709964646212271,0.9709964646212271,1.56882483010194
David Mosley,2019,STX,Seagate Technology Holdings PLC,0.002104891569486587,1.615685419322217,1.56882483010194,1.615685419322217,1.56882483010194
Dion Weisler,2015,HPQ,HP Inc.,-0.0013706933578461402,0.6671850834372265,0.6671850834372265,0.6671850834372265,1.2624813162581106
Dion Weisler,2016,HPQ,HP Inc.,0.0012429083808491368,1.301528887293181,0.8683606592646631,1.301528887293181,1.2624813162581106
Dion Weisler,2017,HPQ,HP Inc.,0.0015812762048995586,1.4569165289516537,1.2651289975740434,1.4569165289516537,1.2624813162581106
Dion Weisler,2018,HPQ,HP Inc.,0.000143898766570769,0.9979071847052674,1.2624813162581106,0.9979071847052674,1.2624813162581106
Dirk Meyer,2010,AMD,"Advanced Micro Devices, Inc.",-0.0002742386844604526,0.843299017115701,0.843299017115701,0.843299017115701,0.843299017115701
Eddie Edwards,2010,COMM,"CommScope Holding Company, Inc.",,,,1.0,0.9239493390890515
Eddie Edwards,2011,COMM,"CommScope Holding Company, Inc.",,,,1.0,0.9239493390890515
Eddie Edwards,2012,COMM,"CommScope Holding Company, Inc.",,,,1.0,0.9239493390890515
Eddie Edwards,2013,COMM,"CommScope Holding Company, Inc.",0.005338941214565813,1.2628419342373163,1.2628419342373163,1.2628419342373163,0.9239493390890515
Eddie Edwards,2014,COMM,"CommScope Holding Company, Inc.",0.0010041353508529424,1.2060221635318182,1.523015361727591,1.2060221635318182,0.9239493390890515
Eddie Edwards,2015,COMM,"CommScope Holding Company, Inc.",0.0007466594814956591,1.134034142626737,1.7271514199440947,1.134034142626737,0.9239493390890515
Eddie Edwards,2016,COMM,"CommScope Holding Company, Inc.",0.001669323629757283,1.4368482672816563,2.4816545250797226,1.4368482672816563,0.9239493390890515
Eddie Edwards,2017,COMM,"CommScope Holding Company, Inc.",0.00023257221635157715,1.0169355122364092,2.5236826156557517,1.0169355122364092,0.9239493390890515
Eddie Edwards,2018,COMM,"CommScope Holding Company, Inc.",-0.002920044079180204,0.4332539940876737,1.0933955730424796,0.4332539940876737,0.9239493390890515
Eddie Edwards,2019,COMM,"CommScope Holding Company, Inc.",-0.00012015072979127448,0.8450275105084536,0.9239493390890515,0.8450275105084536,0.9239493390890515
Enrique Lores,2019,HPQ,HP Inc.,0.00034495688046933985,1.0356948725777955,1.0356948725777955,1.0356948725777955,1.0356948725777955
Francisco D’Souza,2010,CTSH,Cognizant Technology Solutions Corporation,0.001965987562946478,1.5660260628336458,1.5660260628336458,1.5660260628336458,2.7595101061815117
Francisco D’Souza,2011,CTSH,Cognizant Technology Solutions Corporation,-0.00022514430467572102,0.8774729234077568,1.3741454674873759,0.8774729234077568,2.7595101061815117
Francisco D’Souza,2012,CTSH,Cognizant Technology Solutions Corporation,0.0007756172892429452,1.1488101446964594,1.5786322533381585,1.1488101446964594,2.7595101061815117
Francisco D’Souza,2013,CTSH,Cognizant Technology Solutions Corporation,0.001357680096598115,1.3668117057045104,2.1576930428652816,1.3668117057045104,2.7595101061815117
Francisco D’Souza,2014,CTSH,Cognizant Technology Solutions Corporation,0.0003102693524347645,1.0429787781635462,2.250428053499613,1.0429787781635462,2.7595101061815117
Francisco D’Souza,2015,CTSH,Cognizant Technology Solutions Corporation,0.0006527864301616863,1.1397646550108975,2.5649583540238274,1.1397646550108975,2.7595101061815117
Francisco D’Souza,2016,CTSH,Cognizant Technology Solutions Corporation,-8.365487229550614e-05,0.9335219399463599,2.3944448985299465,0.9335219399463599,2.7595101061815117
Francisco D’Souza,2017,CTSH,Cognizant Technology Solutions Corporation,0.0010213605425186771,1.27574219974822,3.054694402026492,1.27574219974822,2.7595101061815117
Francisco D’Souza,2018,CTSH,Cognizant Technology Solutions Corporation,-0.00029861764206136614,0.903366996171809,2.7595101061815117,0.903366996171809,2.7595101061815117
Frank Slootman,2012,NOW,"ServiceNow, Inc.",0.0021672737856841024,1.2207317162997282,1.2207317162997282,1.2207317162997282,3.021951023784874
Frank Slootman,2013,NOW,"ServiceNow, Inc.",0.0028448018371155493,1.8651347665949667,2.276829164755766,1.8651347665949667,3.021951023784874
Frank Slootman,2014,NOW,"ServiceNow, Inc.",0.0011606980871749042,1.2113908321264117,2.7581299765031684,1.2113908321264117,3.021951023784874
Frank Slootman,2015,NOW,"ServiceNow, Inc.",0.00116832359046375,1.2757553353757096,3.5186990331836037,1.2757553353757096,3.021951023784874
Frank Slootman,2016,NOW,"ServiceNow, Inc.",-0.00022173519122411174,0.8588262296052964,3.021951023784874,0.8588262296052964,3.021951023784874
François Locoh-Donou,2017,FFIV,"F5, Inc.",-0.00029163746611454955,0.9067164186972891,0.9067164186972891,0.9067164186972891,0.9624792158045299
François Locoh-Donou,2018,FFIV,"F5, Inc.",0.0009757832932665942,1.2347965041302937,1.1196102640449503,1.2347965041302937,0.9624792158045299
François Locoh-Donou,2019,FFIV,"F5, Inc.",-0.0004667310685723187,0.8596555843702842,0.9624792158045299,0.8596555843702842,0.9624792158045299
Fred Luddy,2010,NOW,"ServiceNow, Inc.",,,,1.0,1.0
Fred Luddy,2011,NOW,"ServiceNow, Inc.",,,,1.0,1.0
Gary E. Dickerson,2013,AMAT,"Applied Materials, Inc.",0.0019483329392716482,1.5855324133212823,1.5855324133212823,1.5855324133212823,6.036440444679994
Gary E. Dickerson,2014,AMAT,"Applied Materials, Inc.",0.0015685105379362693,1.4369551877734283,2.2783390267049435,1.4369551877734283,6.036440444679994
Gary E. Dickerson,2015,AMAT,"Applied Materials, Inc.",-0.0009195495770680095,0.7648358994538496,1.742555478750684,0.7648358994538496,6.036440444679994
Gary E. Dickerson,2016,AMAT,"Applied Materials, Inc.",0.002428361639333469,1.757024056049221,3.061711895165324,1.757024056049221,6.036440444679994
Gary E. Dickerson,2017,AMAT,"Applied Materials, Inc.",0.0020092410147290775,1.598613071456642,4.894492656645586,1.598613071456642,6.036440444679994
Gary E. Dickerson,2018,AMAT,"Applied Materials, Inc.",-0.0013932136090375983,0.6507799889909677,3.185237877208186,0.6507799889909677,6.036440444679994
Gary E. Dickerson,2019,AMAT,"Applied Materials, Inc.",0.002802625812745239,1.895130184113862,6.036440444679994,1.895130184113862,6.036440444679994
Gary Smith,2010,CIEN,Ciena Corporation,0.0030116676574075984,1.9101631908037415,1.9101631908037415,1.9101631908037415,3.8693282775327202
Gary Smith,2011,CIEN,Ciena Corporation,-0.0012450746123727216,0.5748218916876024,1.098003618769834,0.5748218916876024,3.8693282775327202
Gary Smith,2012,CIEN,Ciena Corporation,0.0015765146454461737,1.2975206044876288,1.4246823191558389,1.2975206044876288,3.8693282775327202
Gary Smith,2013,CIEN,Ciena Corporation,0.0020751355718820145,1.5242038596111225,2.171506289577051,1.5242038596111225,3.8693282775327202
Gary Smith,2014,CIEN,Ciena Corporation,-0.00048750883752125937,0.8111157375628606,1.761342925692681,0.8111157375628606,3.8693282775327202
Gary Smith,2015,CIEN,Ciena Corporation,0.0005066272785637384,1.0659454248690357,1.877495433267556,1.0659454248690357,3.8693282775327202
Gary Smith,2016,CIEN,Ciena Corporation,0.0010405409605778561,1.1797969655549823,2.215063415012399,1.1797969655549823,3.8693282775327202
Gary Smith,2017,CIEN,Ciena Corporation,-0.00039945807378565526,0.8574354951253607,1.8992739959852316,0.8574354951253607,3.8693282775327202
Gary Smith,2018,CIEN,Ciena Corporation,0.002138253591732447,1.6201624153357723,3.0771323447198533,1.6201624153357723,3.8693282775327202
Gary Smith,2019,CIEN,Ciena Corporation,0.001265059214259402,1.2574461687266156,3.8693282775327202,1.2574461687266156,3.8693282775327202
Gene Hall,2010,IT,"Gartner, Inc.",0.002441698242053628,1.77540103788321,1.77540103788321,1.77540103788321,8.169518611743975
Gene Hall,2011,IT,"Gartner, Inc.",0.00039448751736935,1.0472891463477556,1.8593582373896245,1.0472891463477556,8.169518611743975
Gene Hall,2012,IT,"Gartner, Inc.",0.0012220265235640393,1.323554784351119,2.4609624909196994,1.323554784351119,8.169518611743975
Gene Hall,2013,IT,"Gartner, Inc.",0.0018148590351334908,1.5438940101047167,3.799465248823308,1.5438940101047167,8.169518611743975
Gene Hall,2014,IT,"Gartner, Inc.",0.0007701041290046323,1.1852216110832288,4.503208323465099,1.1852216110832288,8.169518611743975
Gene Hall,2015,IT,"Gartner, Inc.",0.0003709569076334753,1.0770692071526953,4.850267018597965,1.0770692071526953,8.169518611743975
Gene Hall,2016,IT,"Gartner, Inc.",0.0005241266293619902,1.1143329999503726,5.404812597394612,1.1143329999503726,8.169518611743975
Gene Hall,2017,IT,"Gartner, Inc.",0.0008652871229981645,1.218462470542437,6.585561310240324,1.218462470542437,8.169518611743975
Gene Hall,2018,IT,"Gartner, Inc.",0.0002635999192423851,1.038083595240769,6.836363161612789,1.038083595240769,8.169518611743975
Gene Hall,2019,IT,"Gartner, Inc.",0.0008620890369028685,1.1950094543860763,8.169518611743975,1.1950094543860763,8.169518611743975
George Kurian,2016,NTAP,"NetApp, Inc.",0.0014619375502537223,1.3655987724964875,1.3655987724964875,1.3655987724964875,2.5436422504750573
George Kurian,2017,NTAP,"NetApp, Inc.",0.002000520540980377,1.5994455248848163,2.1842008454577018,1.5994455248848163,2.5436422504750573
George Kurian,2018,NTAP,"NetApp, Inc.",0.0006138128416750362,1.0966869579929464,2.39538458085063,1.0966869579929464,2.5436422504750573
George Kurian,2019,NTAP,"NetApp, Inc.",0.0005007902958711416,1.0618930550065464,2.5436422504750573,1.0618930550065464,2.5436422504750573
Gil Shwed,2010,CHKP,Check Point Software Technologies Ltd.,0.0012961740190475652,1.3562004542296733,1.3562004542296733,1.3562004542296733,3.2741131136562944
Gil Shwed,2011,CHKP,Check Point Software Technologies Ltd.,0.000712661149364328,1.1357544924741376,1.5403107585868179,1.1357544924741376,3.2741131136562944
Gil Shwed,2012,CHKP,Check Point Software Technologies Ltd.,-0.00019327885393774835,0.9067376962220267,1.3966578287070148,0.9067376962220267,3.2741131136562944
Gil Shwed,2013,CHKP,Check Point Software Technologies Ltd.,0.0012871715892891057,1.3539042994617496,1.8909410391633346,1.3539042994617496,3.2741131136562944
Gil Shwed,2014,CHKP,Check Point Software Technologies Ltd.,0.0008469809093012315,1.2181395301523152,2.3034300289921497,1.2181395301523152,3.2741131136562944
Gil Shwed,2015,CHKP,Check Point Software Technologies Ltd.,0.00023531963330213442,1.0357642556892985,2.3858104895114325,1.0357642556892985,3.2741131136562944
Gil Shwed,2016,CHKP,Check Point Software Technologies Ltd.,0.00022384571814571515,1.0378471606660733,2.4761066424267786,1.0378471606660733,3.2741131136562944
Gil Shwed,2017,CHKP,Check Point Software Technologies Ltd.,0.0009148408487848974,1.226852993959264,3.0378188476237185,1.226852993959264,3.2741131136562944
Gil Shwed,2018,CHKP,Check Point Software Technologies Ltd.,4.8067710063080734e-05,0.9906388612720326,3.0093814039606803,0.9906388612720326,3.2741131136562944
Gil Shwed,2019,CHKP,Check Point Software Technologies Ltd.,0.00040958773876444745,1.0879688129085943,3.2741131136562944,1.0879688129085943,3.2741131136562944
Glen F. Post III,2010,LUMN,"Lumen Technologies, Inc.",0.0012860484043268991,1.3629266921311822,1.3629266921311822,1.3629266921311822,0.8333894027111505
Glen F. Post III,2011,LUMN,"Lumen Technologies, Inc.",-0.00044495197931940103,0.8675149130504495,1.1823592308183197,0.8675149130504495,0.8333894027111505
Glen F. Post III,2012,LUMN,"Lumen Technologies, Inc.",0.0005354002199313777,1.1311023870272388,1.337369348302292,1.1311023870272388,0.8333894027111505
Glen F. Post III,2013,LUMN,"Lumen Technologies, Inc.",-0.00037748876458066326,0.8679701019616122,1.1607966096062738,0.8679701019616122,0.8333894027111505
Glen F. Post III,2014,LUMN,"Lumen Technologies, Inc.",0.0011604820495469883,1.3166809621376565,1.5283987967825199,1.3166809621376565,0.8333894027111505
Glen F. Post III,2015,LUMN,"Lumen Technologies, Inc.",-0.0013904119925190015,0.681608526963989,1.041769652488467,0.681608526963989,0.8333894027111505
Glen F. Post III,2016,LUMN,"Lumen Technologies, Inc.",0.00030092914579858535,1.02211066695224,1.0648038743155914,1.02211066695224,0.8333894027111505
Glen F. Post III,2017,LUMN,"Lumen Technologies, Inc.",-0.0007414975771900385,0.7826693936916944,0.8333894027111505,0.7826693936916944,0.8333894027111505
Greg Brown,2010,MSI,"Motorola Solutions, Inc.",0.0007513133481573356,1.1380174226820936,1.1380174226820936,1.1380174226820936,5.911732685553047
Greg Brown,2011,MSI,"Motorola Solutions, Inc.",0.0011143040082429783,1.2753471393173417,1.4513672645109026,1.2753471393173417,5.911732685553047
Greg Brown,2012,MSI,"Motorola Solutions, Inc.",0.0009058271349974136,1.2259794960464032,1.7793465075233246,1.2259794960464032,5.911732685553047
Greg Brown,2013,MSI,"Motorola Solutions, Inc.",0.0009075990007599354,1.2355188125719843,2.198416084129326,1.2355188125719843,5.911732685553047
Greg Brown,2014,MSI,"Motorola Solutions, Inc.",0.00011111358895656031,1.0140846840253723,2.2293800800305865,1.0140846840253723,5.911732685553047
Greg Brown,2015,MSI,"Motorola Solutions, Inc.",0.00026457353856013994,1.0430265666887202,2.325302650718528,1.0430265666887202,5.911732685553047
Greg Brown,2016,MSI,"Motorola Solutions, Inc.",0.0009312215149018797,1.2390087362980255,2.881070298777212,1.2390087362980255,5.911732685553047
Greg Brown,2017,MSI,"Motorola Solutions, Inc.",0.0004879859947384463,1.1143961313575452,3.2106535951264528,1.1143961313575452,5.911732685553047
Greg Brown,2018,MSI,"Motorola Solutions, Inc.",0.0011253900920672095,1.2963862869643492,4.162247292914715,1.2963862869643492,5.911732685553047
Greg Brown,2019,MSI,"Motorola Solutions, Inc.",0.0015166858448229649,1.4203223089643033,5.911732685553047,1.4203223089643033,5.911732685553047
Guy Sella,2010,SEDG,"SolarEdge Technologies, Inc.",,,,1.0,1.6956520377024766
Guy Sella,2011,SEDG,"SolarEdge Technologies, Inc.",,,,1.0,1.6956520377024766
Guy Sella,2012,SEDG,"SolarEdge Technologies, Inc.",,,,1.0,1.6956520377024766
Guy Sella,2013,SEDG,"SolarEdge Technologies, Inc.",,,,1.0,1.6956520377024766
Guy Sella,2014,SEDG,"SolarEdge Technologies, Inc.",,,,1.0,1.6956520377024766
Guy Sella,2015,SEDG,"SolarEdge Technologies, Inc.",0.0028749803394468357,1.3608695187455488,1.3608695187455488,1.3608695187455488,1.6956520377024766
Guy Sella,2016,SEDG,"SolarEdge Technologies, Inc.",-0.0026705549334020613,0.440184578805355,0.5990337759180561,0.440184578805355,1.6956520377024766
Guy Sella,2017,SEDG,"SolarEdge Technologies, Inc.",0.004845088446592834,3.0282258380836304,1.8140095581198574,3.0282258380836304,1.6956520377024766
Guy Sella,2018,SEDG,"SolarEdge Technologies, Inc.",0.00036185387324491646,0.9347536401406518,1.6956520377024766,0.9347536401406518,1.6956520377024766
Hock Tan,2016,AVGO,Broadcom Inc.,0.0010174397279322657,1.2364559077283237,1.2364559077283237,1.2364559077283237,2.430350728276623
Hock Tan,2017,AVGO,Broadcom Inc.,0.0016817858273528166,1.4818608001967006,1.8322555408342343,1.4818608001967006,2.430350728276623
Hock Tan,2018,AVGO,Broadcom Inc.,0.00039368712920512494,1.036219836154758,1.8986195363168983,1.036219836154758,2.430350728276623
Hock Tan,2019,AVGO,Broadcom Inc.,0.0011585649210299612,1.2800620038868984,2.430350728276623,1.2800620038868984,2.430350728276623
Jack Prim,2010,JKHY,"Jack Henry & Associates, Inc.",0.000948746538632123,1.2410254099749551,1.2410254099749551,1.2410254099749551,4.1107750713287246
Jack Prim,2011,JKHY,"Jack Henry & Associates, Inc.",0.0008022990042098821,1.1689008967542436,1.4506357146145323,1.1689008967542436,4.1107750713287246
Jack Prim,2012,JKHY,"Jack Henry & Associates, Inc.",0.0007177552457505252,1.183233397411067,1.7164406250091835,1.183233397411067,4.1107750713287246
Jack Prim,2013,JKHY,"Jack Henry & Associates, Inc.",0.0017335221480813498,1.5304965675412352,2.6270064849648915,1.5304965675412352,4.1107750713287246
Jack Prim,2014,JKHY,"Jack Henry & Associates, Inc.",0.00029889308686113054,1.0653488450823019,2.798678324781062,1.0653488450823019,4.1107750713287246
Jack Prim,2015,JKHY,"Jack Henry & Associates, Inc.",0.0010166519138343321,1.2746729161077353,3.567399461496184,1.2746729161077353,4.1107750713287246
Jack Prim,2016,JKHY,"Jack Henry & Associates, Inc.",0.00061851883196948,1.152317007303869,4.1107750713287246,1.152317007303869,4.1107750713287246
Jayshree Ullal,2010,ANET,"Arista Networks, Inc.",,,,1.0,3.693272816051126
Jayshree Ullal,2011,ANET,"Arista Networks, Inc.",,,,1.0,3.693272816051126
Jayshree Ullal,2012,ANET,"Arista Networks, Inc.",,,,1.0,3.693272816051126
Jayshree Ullal,2013,ANET,"Arista Networks, Inc.",,,,1.0,3.693272816051126
Jayshree Ullal,2014,ANET,"Arista Networks, Inc.",0.0014192451870121113,1.104727242209694,1.104727242209694,1.104727242209694,3.693272816051126
Jayshree Ullal,2015,ANET,"Arista Networks, Inc.",0.0012703497412348513,1.2811059659016533,1.4152726606889183,1.2811059659016533,3.693272816051126
Jayshree Ullal,2016,ANET,"Arista Networks, Inc.",0.0011588315248676395,1.2431911767185067,1.759454484419385,1.2431911767185067,3.693272816051126
Jayshree Ullal,2017,ANET,"Arista Networks, Inc.",0.003871515932841974,2.4344322620986105,4.283272760564623,2.4344322620986105,3.693272816051126
Jayshree Ullal,2018,ANET,"Arista Networks, Inc.",2.870540914666326e-05,0.8943882982874957,3.8309090354225757,0.8943882982874957,3.693272816051126
Jayshree Ullal,2019,ANET,"Arista Networks, Inc.",0.00024284739357837196,0.9640721776218647,3.693272816051126,0.9640721776218647,3.693272816051126
Jeff Storey,2018,LUMN,"Lumen Technologies, Inc.",0.0003549405640193024,1.0199533765481525,1.0199533765481525,1.0199533765481525,0.9586205837970344
Jeff Storey,2019,LUMN,"Lumen Technologies, Inc.",5.9564060450039615e-05,0.9398670623958442,0.9586205837970344,0.9398670623958442,0.9586205837970344
Jensen Huang,2010,NVDA,NVIDIA Corporation,-0.00035733687077523196,0.8328826387700843,0.8328826387700843,0.8328826387700843,13.643419068314184
Jensen Huang,2011,NVDA,NVIDIA Corporation,0.00023330068918569154,0.9000002786046101,0.7495946069380169,0.9000002786046101,13.643419068314184
Jensen Huang,2012,NVDA,NVIDIA Corporation,-0.000264711892970912,0.890266683626834,0.6673391047832686,0.890266683626834,13.643419068314184
Jensen Huang,2013,NVDA,NVIDIA Corporation,0.0012402738188084547,1.3352375563524947,0.8910562355292724,1.3352375563524947,13.643419068314184
Jensen Huang,2014,NVDA,NVIDIA Corporation,0.0010864180851053583,1.2739581561060478,1.1351683588016708,1.2739581561060478,13.643419068314184
Jensen Huang,2015,NVDA,NVIDIA Corporation,0.002269557326925235,1.6711555691446491,1.8970429247282032,1.6711555691446491,13.643419068314184
Jensen Huang,2016,NVDA,NVIDIA Corporation,0.005117224300788383,3.269602018253451,6.202575375404761,3.269602018253451,13.643419068314184
Jensen Huang,2017,NVDA,NVIDIA Corporation,0.002705848730866938,1.8198796497417487,11.2879407016884,1.8198796497417487,13.643419068314184
Jensen Huang,2018,NVDA,NVIDIA Corporation,-0.0009733685315880594,0.6918474020029424,7.809532448426395,0.6918474020029424,13.643419068314184
Jensen Huang,2019,NVDA,NVIDIA Corporation,0.0025542385200440316,1.747021240825155,13.643419068314184,1.747021240825155,13.643419068314184
Jerald Fishman,2010,ADI,"Analog Devices, Inc.",0.0009753977096963254,1.223493556983789,1.223493556983789,1.223493556983789,1.447853334759102
Jerald Fishman,2011,ADI,"Analog Devices, Inc.",8.470843400171368e-05,0.9758653559730185,1.1939649755166801,0.9758653559730185,1.447853334759102
Jerald Fishman,2012,ADI,"Analog Devices, Inc.",0.0008489027508344921,1.2126430544016182,1.447853334759102,1.2126430544016182,1.447853334759102
Jim Bidzos,2010,VRSN,"VeriSign, Inc.",0.0015621543809734672,1.4370168676027306,1.4370168676027306,1.4370168676027306,9.15508382239766
Jim Bidzos,2011,VRSN,"VeriSign, Inc.",0.0008829865741061318,1.1832182475326098,1.7003045797597003,1.1832182475326098,9.15508382239766
Jim Bidzos,2012,VRSN,"VeriSign, Inc.",0.0005464001936914343,1.0867862534936954,1.8478676440352146,1.0867862534936954,9.15508382239766
Jim Bidzos,2013,VRSN,"VeriSign, Inc.",0.001770474001127856,1.5399277825037718,2.8455827234396187,1.5399277825037718,9.15508382239766
Jim Bidzos,2014,VRSN,"VeriSign, Inc.",-8.29873644811234e-05,0.9534961667296095,2.713252218911677,0.9534961667296095,9.15508382239766
Jim Bidzos,2015,VRSN,"VeriSign, Inc.",0.0017855263926947465,1.5326315340365222,4.158415910498593,1.5326315340365222,9.15508382239766
Jim Bidzos,2016,VRSN,"VeriSign, Inc.",-0.00042173213932951274,0.8707646465894033,3.621001560677053,0.8707646465894033,9.15508382239766
Jim Bidzos,2017,VRSN,"VeriSign, Inc.",0.0016635793075258003,1.5044039047348314,5.447448886933471,1.5044039047348314,9.15508382239766
Jim Bidzos,2018,VRSN,"VeriSign, Inc.",0.00121318073090185,1.2957881715343058,7.058739832726113,1.2957881715343058,9.15508382239766
Jim Bidzos,2019,VRSN,"VeriSign, Inc.",0.0011223740933472962,1.2969855865706177,9.15508382239766,1.2969855865706177,9.15508382239766
John A. Edwardson,2010,CDW,CDW Corporation,,,,1.0,1.0
John A. Edwardson,2011,CDW,CDW Corporation,,,,1.0,1.0
John A. Edwardson,2012,CDW,CDW Corporation,,,,1.0,1.0
John Ambroseo,2010,COHR,Coherent Corp.,0.0016889954797871672,1.4415423143754187,1.4415423143754187,1.4415423143754187,2.101368226110008
John Ambroseo,2011,COHR,Coherent Corp.,-0.0002697808936454679,0.7920621384224936,1.1417910881507054,0.7920621384224936,2.101368226110008
John Ambroseo,2012,COHR,Coherent Corp.,0.00015742401278604311,0.9929193320373897,1.1337064445728418,0.9929193320373897,2.101368226110008
John Ambroseo,2013,COHR,Coherent Corp.,3.422934724610867e-05,0.9643445071392167,1.0932835825321496,0.9643445071392167,2.101368226110008
John Ambroseo,2014,COHR,Coherent Corp.,-0.0008391062258377303,0.7764504936159693,0.848880577319323,0.7764504936159693,2.101368226110008
John Ambroseo,2015,COHR,Coherent Corp.,0.001407244097510228,1.3597069585809103,1.154228827985264,1.3597069585809103,2.101368226110008
John Ambroseo,2016,COHR,Coherent Corp.,0.0020776737397989135,1.5975215771389424,1.843905457662255,1.5975215771389424,2.101368226110008
John Ambroseo,2017,COHR,Coherent Corp.,0.0022175393627580278,1.583473907824173,2.919776180702771,1.583473907824173,2.101368226110008
John Ambroseo,2018,COHR,Coherent Corp.,-0.0008576482188800679,0.69137377118203,2.0186566690599412,0.69137377118203,2.101368226110008
John Ambroseo,2019,COHR,Coherent Corp.,0.0005100476300314991,1.040973563418579,2.101368226110008,1.040973563418579,2.101368226110008
John Coyne,2010,WDC,Western Digital Corporation,-0.0008078861706300993,0.7490056223203139,0.7490056223203139,0.7490056223203139,0.683826872574833
John Coyne,2011,WDC,Western Digital Corporation,8.236013600724737e-05,0.9129796255152711,0.683826872574833,0.9129796255152711,0.683826872574833
John Donahoe,2017,NOW,"ServiceNow, Inc.",0.0023568064723789683,1.753968332161315,1.753968332161315,1.753968332161315,3.804277797824531
John Donahoe,2018,NOW,"ServiceNow, Inc.",0.0015339243484646327,1.3655188579277935,2.395076833774433,1.3655188579277935,3.804277797824531
John Donahoe,2019,NOW,"ServiceNow, Inc.",0.002093959124630951,1.5883740112960472,3.804277797824531,1.5883740112960472,3.804277797824531
John Donahoe (under eBay),2010,PYPL,"PayPal Holdings, Inc.",,,,1.0,1.0
John Donahoe (under eBay),2011,PYPL,"PayPal Holdings, Inc.",,,,1.0,1.0
John Donahoe (under eBay),2012,PYPL,"PayPal Holdings, Inc.",,,,1.0,1.0
John Donahoe (under eBay),2013,PYPL,"PayPal Holdings, Inc.",,,,1.0,1.0
John Donahoe (under eBay),2014,PYPL,"PayPal Holdings, Inc.",,,,1.0,1.0
John Jumper,2010,LDOS,"Leidos Holdings, Inc.",-0.0006660242101343865,0.8299320946274409,0.8299320946274409,0.8299320946274409,1.1273825408481242
John Jumper,2011,LDOS,"Leidos Holdings, Inc.",-0.0008406609367290767,0.7749051812904418,0.6431186802460339,0.7749051812904418,1.1273825408481242
John Jumper,2012,LDOS,"Leidos Holdings, Inc.",-0.000112877161728,0.950024784396883,0.6109786855423462,0.950024784396883,1.1273825408481242
John Jumper,2013,LDOS,"Leidos Holdings, Inc.",0.00260704584117656,1.845207643941592,1.1273825408481242,1.845207643941592,1.1273825408481242
John McAdam,2010,FFIV,"F5, Inc.",0.003924248823450395,2.4112635191904057,2.4112635191904057,2.4112635191904057,2.680993005705147
John McAdam,2011,FFIV,"F5, Inc.",-0.00015731638048028127,0.8153042390968711,1.9659133687755779,0.8153042390968711,2.680993005705147
John McAdam,2012,FFIV,"F5, Inc.",-3.113127359161094e-05,0.9154730400627309,1.7997406882129452,0.9154730400627309,2.680993005705147
John McAdam,2013,FFIV,"F5, Inc.",-1.1678489194393963e-05,0.9352547522724249,1.6832160315092017,0.9352547522724249,2.680993005705147
John McAdam,2014,FFIV,"F5, Inc.",0.0015870769218316546,1.4359454143107169,2.417006341739917,1.4359454143107169,2.680993005705147
John McAdam,2015,FFIV,"F5, Inc.",-0.0010346136471636013,0.7431593330060218,1.7962208207987609,0.7431593330060218,2.680993005705147
John McAdam,2016,FFIV,"F5, Inc.",0.0017412783382280822,1.4925742841088643,2.680993005705147,1.4925742841088643,2.680993005705147
John S. Marr Jr.,2010,TYL,"Tyler Technologies, Inc.",0.0002318018061356658,1.0226601482320001,1.0226601482320001,1.0226601482320001,9.153695286105142
John S. Marr Jr.,2011,TYL,"Tyler Technologies, Inc.",0.001701406606891687,1.4503853698643896,1.4832513173390383,1.4503853698643896,9.153695286105142
John S. Marr Jr.,2012,TYL,"Tyler Technologies, Inc.",0.0020208142138063534,1.6087677729921976,2.3862069185832677,1.6087677729921976,9.153695286105142
John S. Marr Jr.,2013,TYL,"Tyler Technologies, Inc.",0.0030791598748678146,2.1083815059628246,5.031034536541511,2.1083815059628246,9.153695286105142
John S. Marr Jr.,2014,TYL,"Tyler Technologies, Inc.",0.00048706909305898957,1.0715754957855317,5.391133327808595,1.0715754957855317,9.153695286105142
John S. Marr Jr.,2015,TYL,"Tyler Technologies, Inc.",0.0019846526272859462,1.5928362887011924,8.587192801759945,1.5928362887011924,9.153695286105142
John S. Marr Jr.,2016,TYL,"Tyler Technologies, Inc.",-0.0005952647283058597,0.819011004324491,7.033005400897462,0.819011004324491,9.153695286105142
John S. Marr Jr.,2017,TYL,"Tyler Technologies, Inc.",0.0009369119564218864,1.2401064492081773,8.72167535496888,1.2401064492081773,9.153695286105142
John S. Marr Jr.,2018,TYL,"Tyler Technologies, Inc.",0.000302569563612653,1.0495340532126218,9.153695286105142,1.0495340532126218,9.153695286105142
John T. Chambers,2010,CSCO,"Cisco Systems, Inc.",-0.0005975873148568868,0.8193599287089045,0.8193599287089045,0.8193599287089045,1.2346509257498874
John T. Chambers,2011,CSCO,"Cisco Systems, Inc.",-0.00015686982056701597,0.9038284757746243,0.7405608354757749,0.9038284757746243,1.2346509257498874
John T. Chambers,2012,CSCO,"Cisco Systems, Inc.",0.0005726794329118552,1.1160550677185552,0.8265066733866255,1.1160550677185552,1.2346509257498874
John T. Chambers,2013,CSCO,"Cisco Systems, Inc.",0.0007393936691344017,1.1672659694581187,0.9647531133742435,1.1672659694581187,1.2346509257498874
John T. Chambers,2014,CSCO,"Cisco Systems, Inc.",0.0010348333264880122,1.279758425895794,1.2346509257498874,1.279758425895794,1.2346509257498874
Keith D. Jackson,2010,ON,ON Semiconductor Corporation,0.0006670239206782732,1.1138669945786777,1.1138669945786777,1.1138669945786777,2.738444332459675
Keith D. Jackson,2011,ON,ON Semiconductor Corporation,-0.0004821291125146008,0.7813764879322086,0.8703494802474908,0.7813764879322086,2.738444332459675
Keith D. Jackson,2012,ON,ON Semiconductor Corporation,-0.00012634918325157284,0.9132124847583503,0.794814011464949,0.9132124847583503,2.738444332459675
Keith D. Jackson,2013,ON,ON Semiconductor Corporation,0.0007860947112068368,1.1687942621543754,0.9289740560801357,1.1687942621543754,2.738444332459675
Keith D. Jackson,2014,ON,ON Semiconductor Corporation,0.0010120988568739677,1.2293689800753822,1.1420518878397254,1.2293689800753822,2.738444332459675
Keith D. Jackson,2015,ON,ON Semiconductor Corporation,0.00017459882874937006,0.9674235024700906,1.1048478373364863,0.9674235024700906,2.738444332459675
Keith D. Jackson,2016,ON,ON Semiconductor Corporation,0.001321123143994305,1.302040814340538,1.4385569778479783,1.302040814340538,2.738444332459675
Keith D. Jackson,2017,ON,ON Semiconductor Corporation,0.0021413041422391897,1.6410658431385128,2.3607667197548854,1.6410658431385128,2.738444332459675
Keith D. Jackson,2018,ON,ON Semiconductor Corporation,-0.0006223968793917098,0.788443161786426,1.8613303767637097,0.788443161786426,2.738444332459675
Keith D. Jackson,2019,ON,ON Semiconductor Corporation,0.0018785504832183732,1.4712295929006431,2.738444332459675,1.4712295929006431,2.738444332459675
Ken Xie,2010,FTNT,"Fortinet, Inc.",0.0026721269075203388,1.7972222115522518,1.7972222115522518,1.7972222115522518,11.883333309049936
Ken Xie,2011,FTNT,"Fortinet, Inc.",0.0018912677498947594,1.3483771653806216,2.4233333911719144,1.3483771653806216,11.883333309049936
Ken Xie,2012,FTNT,"Fortinet, Inc.",0.00021350061756750493,0.9637780851019877,2.335555615307373,0.9637780851019877,11.883333309049936
Ken Xie,2013,FTNT,"Fortinet, Inc.",-4.0539905513004896e-05,0.9100856276584601,2.125555598088251,0.9100856276584601,11.883333309049936
Ken Xie,2014,FTNT,"Fortinet, Inc.",0.0020411169800586193,1.6027182460069707,3.4066667399582995,1.6027182460069707,11.883333309049936
Ken Xie,2015,FTNT,"Fortinet, Inc.",0.0003566848456288103,1.0166340895334103,3.4633335395212566,1.0166340895334103,11.883333309049936
Ken Xie,2016,FTNT,"Fortinet, Inc.",0.00010018866975427206,0.9663137582278123,3.346666848571214,0.9663137582278123,11.883333309049936
Ken Xie,2017,FTNT,"Fortinet, Inc.",0.0016048557643266502,1.4505311541516954,4.854444526419221,1.4505311541516954,11.883333309049936
Ken Xie,2018,FTNT,"Fortinet, Inc.",0.0021737159274355226,1.6120394344006188,7.825556008698013,1.6120394344006188,11.883333309049936
Ken Xie,2019,FTNT,"Fortinet, Inc.",0.0018617029922553454,1.5185289448879746,11.883333309049936,1.5185289448879746,11.883333309049936
Lane Bess,2010,PANW,"Palo Alto Networks, Inc.",,,,1.0,1.0
Larry Ellison,2010,ORCL,Oracle Corporation,0.0010699757260146819,1.2695622258536179,1.2695622258536179,1.2695622258536179,1.5966751041940357
Larry Ellison,2011,ORCL,Oracle Corporation,-0.0005074625722337437,0.8253796761197004,1.0478708587888663,0.8253796761197004,1.5966751041940357
Larry Ellison,2012,ORCL,Oracle Corporation,0.0011856391477313073,1.3171687350973595,1.3802227336163162,1.3171687350973595,1.5966751041940357
Larry Ellison,2013,ORCL,Oracle Corporation,0.0006861098207102207,1.1568242322821298,1.5966751041940357,1.1568242322821298,1.5966751041940357
Leo Apotheker,2011,HPQ,HP Inc.,-0.0015491752963141161,0.6210934072239068,0.6210934072239068,0.6210934072239068,0.6210934072239068
Liam Griffin,2018,SWKS,"Skyworks Solutions, Inc.",-0.001109015928759316,0.7169752564349031,0.7169752564349031,0.7169752564349031,1.3216125605041669
Liam Griffin,2019,SWKS,"Skyworks Solutions, Inc.",0.0026919977235038734,1.8433168350547702,1.3216125605041669,1.8433168350547702,1.3216125605041669
Lip-Bu Tan,2010,CDNS,"Cadence Design Systems, Inc.",0.0013818304455290643,1.349673265251585,1.349673265251585,1.349673265251585,11.436274374599233
Lip-Bu Tan,2011,CDNS,"Cadence Design Systems, Inc.",0.001195949452112889,1.259079822076245,1.6993463746740296,1.259079822076245,11.436274374599233
Lip-Bu Tan,2012,CDNS,"Cadence Design Systems, Inc.",0.0011740786865413711,1.2990385311947823,2.2075164185477267,1.2990385311947823,11.436274374599233
Lip-Bu Tan,2013,CDNS,"Cadence Design Systems, Inc.",0.0002598622202220276,1.037749831254004,2.2908497908383456,1.037749831254004,11.436274374599233
Lip-Bu Tan,2014,CDNS,"Cadence Design Systems, Inc.",0.00127821849602891,1.3530669539208,3.099673148379738,1.3530669539208,11.436274374599233
Lip-Bu Tan,2015,CDNS,"Cadence Design Systems, Inc.",0.0004851938341339411,1.0969952672213636,3.4003267737057166,1.0969952672213636,11.436274374599233
Lip-Bu Tan,2016,CDNS,"Cadence Design Systems, Inc.",0.0008561214750002175,1.2119173455352306,4.12091499754181,1.2119173455352306,11.436274374599233
Lip-Bu Tan,2017,CDNS,"Cadence Design Systems, Inc.",0.0020951958783272085,1.658207804656036,6.8333334112479305,1.658207804656036,11.436274374599233
Lip-Bu Tan,2018,CDNS,"Cadence Design Systems, Inc.",0.0003460481526544184,1.039693922992005,7.104575221452706,1.039693922992005,11.436274374599233
Lip-Bu Tan,2019,CDNS,"Cadence Design Systems, Inc.",0.0020332964523625684,1.6097055795914021,11.436274374599233,1.6097055795914021,11.436274374599233
Lisa Su,2014,AMD,"Advanced Micro Devices, Inc.",-0.0011365477032594918,0.6899225207362564,0.6899225207362564,0.6899225207362564,11.762274367919664
Lisa Su,2015,AMD,"Advanced Micro Devices, Inc.",0.0008929945219588757,1.0749062934645088,0.7416020595423005,1.0749062934645088,11.762274367919664
Lisa Su,2016,AMD,"Advanced Micro Devices, Inc.",0.006752275359208849,3.9512197229160684,2.9302326842187107,3.9512197229160684,11.762274367919664
Lisa Su,2017,AMD,"Advanced Micro Devices, Inc.",0.0002973102803877612,0.9065255374467712,2.656330758905459,0.9065255374467712,11.762274367919664
Lisa Su,2018,AMD,"Advanced Micro Devices, Inc.",0.0031224217686644136,1.7957198019437295,4.770025744278744,1.7957198019437295,11.762274367919664
Lisa Su,2019,AMD,"Advanced Micro Devices, Inc.",0.004160629771491608,2.4658723031060212,11.762274367919664,2.4658723031060212,11.762274367919664
Lynn Moore Jr.,2019,TYL,"Tyler Technologies, Inc.",0.001976129915197446,1.605639724418822,1.605639724418822,1.605639724418822,1.605639724418822
Marc Benioff,2010,CRM,"Salesforce, Inc.",0.002646325522458072,1.7642343350210692,1.7642343350210692,1.7642343350210692,8.68431106880866
Marc Benioff,2011,CRM,"Salesforce, Inc.",-0.000624373775811456,0.7686362950884528,1.356054542938431,0.7686362950884528,8.68431106880866
Marc Benioff,2012,CRM,"Salesforce, Inc.",0.0022682485083581508,1.6568107110787889,2.246725691547443,1.6568107110787889,8.68431106880866
Marc Benioff,2013,CRM,"Salesforce, Inc.",0.0012707288097255005,1.3132658339267294,2.950548088914663,1.3132658339267294,8.68431106880866
Marc Benioff,2014,CRM,"Salesforce, Inc.",0.0005176667644366057,1.0746513108813835,3.1708103715707034,1.0746513108813835,8.68431106880866
Marc Benioff,2015,CRM,"Salesforce, Inc.",0.0013022023018636735,1.3218679552044805,4.191392622209331,1.3218679552044805,8.68431106880866
Marc Benioff,2016,CRM,"Salesforce, Inc.",-0.00031364973724458644,0.8732143162691124,3.6599840428179173,0.8732143162691124,8.68431106880866
Marc Benioff,2017,CRM,"Salesforce, Inc.",0.001649198704493306,1.493280859066233,5.465384115627837,1.493280859066233,8.68431106880866
Marc Benioff,2018,CRM,"Salesforce, Inc.",0.0013958660961752595,1.339821917137753,7.322641423694709,1.339821917137753,8.68431106880866
Marc Benioff,2019,CRM,"Salesforce, Inc.",0.0008103910499714141,1.1859533420150596,8.68431106880866,1.1859533420150596,8.68431106880866
Mark Durcan,2012,MU,"Micron Technology, Inc.",0.0003930188806307804,1.007949003479577,1.007949003479577,1.007949003479577,3.48489612449868
Mark Durcan,2013,MU,"Micron Technology, Inc.",0.005184933390638304,3.4305989397021146,3.4578687826108405,3.4305989397021146,3.48489612449868
Mark Durcan,2014,MU,"Micron Technology, Inc.",0.0021669800443702937,1.6096554172803625,5.565977218174189,1.6096554172803625,3.48489612449868
Mark Durcan,2015,MU,"Micron Technology, Inc.",-0.003103602719695596,0.4044557950211836,2.2511917408464357,0.4044557950211836,3.48489612449868
Mark Durcan,2016,MU,"Micron Technology, Inc.",0.0022506750269025736,1.5480227922248768,3.48489612449868,1.5480227922248768,3.48489612449868
Mark E. Jagiela,2013,TER,"Teradyne, Inc.",0.00030262316197431896,1.043220503773423,1.043220503773423,1.043220503773423,4.311950617617155
Mark E. Jagiela,2014,TER,"Teradyne, Inc.",0.0006269372896119784,1.1337124924103703,1.1827121174665693,1.1337124924103703,4.311950617617155
Mark E. Jagiela,2015,TER,"Teradyne, Inc.",0.0003876015690009343,1.057263157589005,1.2504379478314838,1.057263157589005,4.311950617617155
Mark E. Jagiela,2016,TER,"Teradyne, Inc.",0.000992442868646792,1.2430752992467156,1.5543885261900685,1.2430752992467156,4.311950617617155
Mark E. Jagiela,2017,TER,"Teradyne, Inc.",0.002148227687985137,1.6615895891642207,2.5827557926337383,1.6615895891642207,4.311950617617155
Mark E. Jagiela,2018,TER,"Teradyne, Inc.",-0.0008060255043851947,0.7562613461679314,1.9532383725602134,0.7562613461679314,4.311950617617155
Mark E. Jagiela,2019,TER,"Teradyne, Inc.",0.003431948903598426,2.2075905727600733,4.311950617617155,2.2075905727600733,4.311950617617155
Mark Hurd,2010,HPQ,HP Inc.,-0.000725073446604817,0.8084666852045839,0.8084666852045839,0.8084666852045839,0.8084666852045839
Mark McLaughlin,2011,PANW,"Palo Alto Networks, Inc.",,,,1.0,2.7280258563683377
Mark McLaughlin,2012,PANW,"Palo Alto Networks, Inc.",0.0005213836302363015,1.0073405462922478,1.0073405462922478,1.0073405462922478,2.7280258563683377
Mark McLaughlin,2013,PANW,"Palo Alto Networks, Inc.",0.0005505210160224502,1.073804127699128,1.0816864366073096,1.073804127699128,2.7280258563683377
Mark McLaughlin,2014,PANW,"Palo Alto Networks, Inc.",0.0034006510793764873,2.1327650117836106,2.306982985716958,2.1327650117836106,2.7280258563683377
Mark McLaughlin,2015,PANW,"Palo Alto Networks, Inc.",0.0016409745450879903,1.437056374546818,3.3152646055956034,1.437056374546818,2.7280258563683377
Mark McLaughlin,2016,PANW,"Palo Alto Networks, Inc.",-0.0009808660276387185,0.7099466531456498,2.353661011034833,0.7099466531456498,2.7280258563683377
Mark McLaughlin,2017,PANW,"Palo Alto Networks, Inc.",0.000888610139649414,1.1590563991918732,2.7280258563683377,1.1590563991918732,2.7280258563683377
Martin Anstice,2012,LRCX,Lam Research Corporation,4.746885908812581e-05,0.9759590877186978,0.9759590877186978,0.9759590877186978,3.94641458162648
Martin Anstice,2013,LRCX,Lam Research Corporation,0.0017611725788822278,1.507057752490917,1.4708267092604288,1.507057752490917,3.94641458162648
Martin Anstice,2014,LRCX,Lam Research Corporation,0.0016738025732145547,1.4679610542025856,2.1591163266752553,1.4679610542025856,3.94641458162648
Martin Anstice,2015,LRCX,Lam Research Corporation,0.0002193410586021367,1.015028810200214,2.191565276149042,1.015028810200214,3.94641458162648
Martin Anstice,2016,LRCX,Lam Research Corporation,0.001346279342322219,1.3517867586190147,2.962528920947499,1.3517867586190147,3.94641458162648
Martin Anstice,2017,LRCX,Lam Research Corporation,0.0024048115524095194,1.7620689711521274,5.220180287742376,1.7620689711521274,3.94641458162648
Martin Anstice,2018,LRCX,Lam Research Corporation,-0.0007984612449285128,0.7559920087229833,3.94641458162648,0.7559920087229833,3.94641458162648
Martin H. Loeffler,2010,APH,Amphenol Corporation,0.0007305699587736829,1.1504008446906482,1.1504008446906482,1.1504008446906482,0.9905561515888098
Martin H. Loeffler,2011,APH,Amphenol Corporation,-0.0003515952318520393,0.8610530461277413,0.9905561515888098,0.8610530461277413,0.9905561515888098
Matthew J. Murphy,2016,MRVL,"Marvell Technology, Inc.",0.002139871312219634,1.605351676889004,1.605351676889004,1.605351676889004,3.17022420972284
Matthew J. Murphy,2017,MRVL,"Marvell Technology, Inc.",0.0019478922614696316,1.568864917390976,2.5185799259459305,1.568864917390976,3.17022420972284
Matthew J. Murphy,2018,MRVL,"Marvell Technology, Inc.",-0.0008213304332242894,0.7637711426394003,1.9236186678683778,0.7637711426394003,3.17022420972284
Matthew J. Murphy,2019,MRVL,"Marvell Technology, Inc.",0.0022191162362741415,1.648052320700268,3.17022420972284,1.648052320700268,3.17022420972284
Meg Whitman,2012,HPQ,HP Inc.,-0.0019944333797605215,0.568908462293237,0.568908462293237,0.568908462293237,1.6704381971198516
Meg Whitman,2013,HPQ,HP Inc.,0.0030603283671332623,2.011010432993096,1.144080853089758,2.011010432993096,1.6704381971198516
Meg Whitman,2014,HPQ,HP Inc.,0.0016119531406066858,1.4600700576437335,1.6704381971198516,1.4600700576437335,1.6704381971198516
Michael A. Bradley,2010,TER,"Teradyne, Inc.",0.0014046251791952646,1.2810224049652184,1.2810224049652184,1.2810224049652184,1.541059321184723
Michael A. Bradley,2011,TER,"Teradyne, Inc.",0.00032061998004982386,0.970797684689438,1.243613584775529,0.970797684689438,1.541059321184723
Michael A. Bradley,2012,TER,"Teradyne, Inc.",0.0010695604373420272,1.2391785841281882,1.541059321184723,1.2391785841281882,1.541059321184723
Michael Hsing,2010,MPWR,"Monolithic Power Systems, Inc.",-0.0011933034269015555,0.6883334385158858,0.6883334385158858,0.6883334385158858,8.301847051964701
Michael Hsing,2011,MPWR,"Monolithic Power Systems, Inc.",4.156309410931357e-05,0.9122274724296789,0.6279166728061759,0.9122274724296789,8.301847051964701
Michael Hsing,2012,MPWR,"Monolithic Power Systems, Inc.",0.0020100141297199176,1.5480071431733995,0.9720194948216341,1.5480071431733995,8.301847051964701
Michael Hsing,2013,MPWR,"Monolithic Power Systems, Inc.",0.0019344104474624966,1.5556555772844842,1.5121275483485233,1.5556555772844842,8.301847051964701
Michael Hsing,2014,MPWR,"Monolithic Power Systems, Inc.",0.0016627423555717737,1.4494433722845061,2.191743253002584,1.4494433722845061,8.301847051964701
Michael Hsing,2015,MPWR,"Monolithic Power Systems, Inc.",0.0011805187908296671,1.2998404859550616,2.8489166150716,1.2998404859550616,8.301847051964701
Michael Hsing,2016,MPWR,"Monolithic Power Systems, Inc.",0.001181191219173831,1.300677796202094,3.7055225844548563,1.300677796202094,8.301847051964701
Michael Hsing,2017,MPWR,"Monolithic Power Systems, Inc.",0.0013959449816872635,1.3822725765814168,5.122042250395064,1.3822725765814168,8.301847051964701
Michael Hsing,2018,MPWR,"Monolithic Power Systems, Inc.",0.0004218112423329772,1.0448588859234482,5.351811359400617,1.0448588859234482,8.301847051964701
Michael Hsing,2019,MPWR,"Monolithic Power Systems, Inc.",0.0019610082884405737,1.5512219124432085,8.301847051964701,1.5512219124432085,8.301847051964701
Michael R. Splinter,2010,AMAT,"Applied Materials, Inc.",0.00018312184827450078,1.0046372870919191,1.0046372870919191,1.0046372870919191,0.8649129384374626
Michael R. Splinter,2011,AMAT,"Applied Materials, Inc.",-0.0007338609087707995,0.7812962949412531,0.7849193901647493,0.7812962949412531,0.8649129384374626
Michael R. Splinter,2012,AMAT,"Applied Materials, Inc.",0.0004980503661372792,1.1019130744826213,0.8649129384374626,1.1019130744826213,0.8649129384374626
N/A (part of Agilent),2010,KEYS,"Keysight Technologies, Inc.",,,,1.0,1.0
N/A (part of Agilent),2011,KEYS,"Keysight Technologies, Inc.",,,,1.0,1.0
N/A (part of Agilent),2012,KEYS,"Keysight Technologies, Inc.",,,,1.0,1.0
N/A (part of Agilent),2013,KEYS,"Keysight Technologies, Inc.",,,,1.0,1.0
Nazzic Keene,2019,SAIC,Science Applications International Corporation,0.0014702104183399846,1.4029949654760376,1.4029949654760376,1.4029949654760376,1.4029949654760376
Nikesh Arora,2018,PANW,"Palo Alto Networks, Inc.",0.0012276886224287429,1.2995031761024882,1.2995031761024882,1.2995031761024882,1.5967296144326573
Nikesh Arora,2019,PANW,"Palo Alto Networks, Inc.",0.000990028762325358,1.2287231334221294,1.5967296144326573,1.2287231334221294,1.5967296144326573
Paul E. Jacobs,2010,QCOM,Qualcomm Incorporated,0.00046373287033233833,1.0742775506144433,1.0742775506144433,1.0742775506144433,1.6951852679578847
Paul E. Jacobs,2011,QCOM,Qualcomm Incorporated,0.000665361606462221,1.1224778689295485,1.2058527756525526,1.1224778689295485,1.6951852679578847
Paul E. Jacobs,2012,QCOM,Qualcomm Incorporated,0.0006593138880536408,1.1488983726976292,1.3854022916601356,1.1488983726976292,1.6951852679578847
Paul E. Jacobs,2013,QCOM,Qualcomm Incorporated,0.000865710440518453,1.2236050699227123,1.6951852679578847,1.2236050699227123,1.6951852679578847
Paul Nahi,2010,ENPH,"Enphase Energy, Inc.",,,,1.0,0.32833787952729004
Paul Nahi,2011,ENPH,"Enphase Energy, Inc.",,,,1.0,0.32833787952729004
Paul Nahi,2012,ENPH,"Enphase Energy, Inc.",-0.0019405597269832053,0.497275207014885,0.497275207014885,0.497275207014885,0.32833787952729004
Paul Nahi,2013,ENPH,"Enphase Energy, Inc.",0.0032342434778307996,1.7369862977906756,0.8637602208158761,1.7369862977906756,0.32833787952729004
Paul Nahi,2014,ENPH,"Enphase Energy, Inc.",0.004164439461398538,2.2539431574019955,1.9468664393439739,2.2539431574019955,0.32833787952729004
Paul Nahi,2015,ENPH,"Enphase Energy, Inc.",-0.0036553338709373333,0.2456263120946926,0.4782016236369857,0.2456263120946926,0.32833787952729004
Paul Nahi,2016,ENPH,"Enphase Energy, Inc.",-0.00340242319529846,0.28774928581408776,0.13760217567667998,0.28774928581408776,0.32833787952729004
Paul Nahi,2017,ENPH,"Enphase Energy, Inc.",0.0048891779272513345,2.386138721372952,0.32833787952729004,2.386138721372952,0.32833787952729004
Paul Otellini,2010,INTC,Intel Corporation,0.0002753034828460934,1.0382658278021533,1.0382658278021533,1.0382658278021533,1.0907122365477717
Paul Otellini,2011,INTC,Intel Corporation,0.0008504886676461688,1.1939636415370503,1.2396516486461375,1.1939636415370503,1.0907122365477717
Paul Otellini,2012,INTC,Intel Corporation,-0.0004224243996451356,0.8798538184004935,1.0907122365477717,0.8798538184004935,1.0907122365477717
Paul Sagan,2010,AKAM,"Akamai Technologies, Inc.",0.002735333341124007,1.8152005825066284,1.8152005825066284,1.8152005825066284,1.5783178907020092
Paul Sagan,2011,AKAM,"Akamai Technologies, Inc.",-0.000898955504971152,0.6860786249252577,1.245370319609673,0.6860786249252577,1.5783178907020092
Paul Sagan,2012,AKAM,"Akamai Technologies, Inc.",0.001288362808077821,1.2673482464209453,1.5783178907020092,1.2673482464209453,1.5783178907020092
R. Adam Norwitt,2012,APH,Amphenol Corporation,0.0015793281844514214,1.435673110543651,1.435673110543651,1.435673110543651,5.124103892597939
R. Adam Norwitt,2013,APH,Amphenol Corporation,0.0013910198815942887,1.389122915234272,1.9943264166418528,1.389122915234272,5.124103892597939
R. Adam Norwitt,2014,APH,Amphenol Corporation,0.0008471681402868275,1.217709994624599,2.428511210088649,1.217709994624599,5.124103892597939
R. Adam Norwitt,2015,APH,Amphenol Corporation,1.591149597033167e-05,0.9800695447077103,2.380109875989155,0.9800695447077103,5.124103892597939
R. Adam Norwitt,2016,APH,Amphenol Corporation,0.0010941201054166943,1.2987968153780047,3.0912791271844515,1.2987968153780047,5.124103892597939
R. Adam Norwitt,2017,APH,Amphenol Corporation,0.0011285693872539985,1.318073995515329,4.074534630421142,1.318073995515329,5.124103892597939
R. Adam Norwitt,2018,APH,Amphenol Corporation,-0.00019715390824493273,0.9317588892821388,3.7964838615828245,0.9317588892821388,5.124103892597939
R. Adam Norwitt,2019,APH,Amphenol Corporation,0.001287992270413824,1.3496972671079928,5.124103892597939,1.3496972671079928,5.124103892597939
Richard K. Templeton,2010,TXN,Texas Instruments Inc.,0.0010999028259075577,1.2731977776882368,1.2731977776882368,1.2731977776882368,4.869959766958678
Richard K. Templeton,2011,TXN,Texas Instruments Inc.,-0.00020613160062051634,0.9112390404078805,1.1601875211900758,0.9112390404078805,4.869959766958678
Richard K. Templeton,2012,TXN,Texas Instruments Inc.,0.00046426843144061137,1.0871310720166756,1.2612759036517365,1.0871310720166756,4.869959766958678
Richard K. Templeton,2013,TXN,Texas Instruments Inc.,0.0015787175852676467,1.4628659113328475,1.8450775242376616,1.4628659113328475,4.869959766958678
Richard K. Templeton,2014,TXN,Texas Instruments Inc.,0.0009711527198734059,1.2509230555025384,2.3080500142584337,1.2509230555025384,4.869959766958678
Richard K. Templeton,2015,TXN,Texas Instruments Inc.,0.00034390360539011624,1.0517429542195582,2.4274753404826575,1.0517429542195582,4.869959766958678
Richard K. Templeton,2016,TXN,Texas Instruments Inc.,0.00132927549695319,1.367113180161678,3.318633532491298,1.367113180161678,4.869959766958678
Richard K. Templeton,2017,TXN,Texas Instruments Inc.,0.0015791073625706835,1.4674593380917242,4.869959766958678,1.4674593380917242,4.869959766958678
Rick Wallace,2010,KLAC,KLA Corporation,0.000519158191209441,1.0729170482031656,1.0729170482031656,1.0729170482031656,7.95014128991108
Rick Wallace,2011,KLAC,KLA Corporation,0.0012627733000344149,1.2842777552223197,1.377923498206119,1.2842777552223197,7.95014128991108
Rick Wallace,2012,KLAC,KLA Corporation,0.00021662569880103312,1.0206349969192443,1.4063569453465579,1.0206349969192443,7.95014128991108
Rick Wallace,2013,KLAC,KLA Corporation,0.001425536768091171,1.3895251218493927,1.954168305846415,1.3895251218493927,7.95014128991108
Rick Wallace,2014,KLAC,KLA Corporation,0.0014167964003268944,1.3945859340593982,2.725255632118097,1.3945859340593982,7.95014128991108
Rick Wallace,2015,KLAC,KLA Corporation,0.00027262464422551593,1.0203002695981864,2.7805790561740733,1.0203002695981864,7.95014128991108
Rick Wallace,2016,KLAC,KLA Corporation,0.0007085449648066483,1.1694639152080268,3.251786869578774,1.1694639152080268,7.95014128991108
Rick Wallace,2017,KLAC,KLA Corporation,0.001376730399684432,1.3680479971937645,4.448600514228229,1.3680479971937645,7.95014128991108
Rick Wallace,2018,KLAC,KLA Corporation,-0.0002711261067797345,0.8751048281262228,3.8929917884059226,0.8751048281262228,7.95014128991108
Rick Wallace,2019,KLAC,KLA Corporation,0.0030426665101895276,2.042167495340764,7.95014128991108,2.042167495340764,7.95014128991108
Roger Krone,2014,LDOS,"Leidos Holdings, Inc.",4.961563685215984e-05,0.967737014401311,0.967737014401311,0.967737014401311,3.3747806200383663
Roger Krone,2015,LDOS,"Leidos Holdings, Inc.",0.0013494030644325306,1.3503007938624547,1.306736058796169,1.3503007938624547,3.3747806200383663
Roger Krone,2016,LDOS,"Leidos Holdings, Inc.",0.0011060753184066224,1.2693261207882756,1.6586742124058997,1.2693261207882756,3.3747806200383663
Roger Krone,2017,LDOS,"Leidos Holdings, Inc.",0.0010856453734673884,1.2914305871789111,2.142062612065868,1.2914305871789111,3.3747806200383663
Roger Krone,2018,LDOS,"Leidos Holdings, Inc.",-0.000614577226184065,0.8328379191345509,1.783990968488858,0.8328379191345509,3.3747806200383663
Roger Krone,2019,LDOS,"Leidos Holdings, Inc.",0.0026378900289781007,1.8917027494242311,3.3747806200383663,1.8917027494242311,3.3747806200383663
Ron Nersesian,2014,KEYS,"Keysight Technologies, Inc.",0.003686465021819263,1.19539824629252,1.19539824629252,1.19539824629252,3.6169911612451497
Ron Nersesian,2015,KEYS,"Keysight Technologies, Inc.",-0.0005635135985997333,0.8389102617614285,1.0028318557064102,0.8389102617614285,3.6169911612451497
Ron Nersesian,2016,KEYS,"Keysight Technologies, Inc.",0.0011777135699353556,1.2908577406745083,1.2945132635336016,1.2908577406745083,3.6169911612451497
Ron Nersesian,2017,KEYS,"Keysight Technologies, Inc.",0.0005930944061154561,1.1375444030974042,1.4725663176680015,1.1375444030974042,3.6169911612451497
Ron Nersesian,2018,KEYS,"Keysight Technologies, Inc.",0.0017501499952118117,1.492307791060954,2.1975221887098964,1.492307791060954,3.6169911612451497
Ron Nersesian,2019,KEYS,"Keysight Technologies, Inc.",0.00223524446380609,1.645940678018177,3.6169911612451497,1.645940678018177,3.6169911612451497
Rory Read,2012,AMD,"Advanced Micro Devices, Inc.",-0.00266447166407409,0.4444444542559076,0.4444444542559076,0.4444444542559076,0.7166666328171146
Rory Read,2013,AMD,"Advanced Micro Devices, Inc.",0.0024131801785165284,1.6124998882412944,0.7166666328171146,1.6124998882412944,0.7166666328171146
Safra Catz & Mark Hurd,2014,ORCL,Oracle Corporation,0.0007705476631193744,1.1897478172313296,1.1897478172313296,1.1897478172313296,1.5074283476311774
Safra Catz & Mark Hurd,2015,ORCL,Oracle Corporation,-0.0006776526624395982,0.8236892214788186,0.9799824533313968,0.8236892214788186,1.5074283476311774
Safra Catz & Mark Hurd,2016,ORCL,Oracle Corporation,0.0003369894306992801,1.0688662467717867,1.047470166794537,1.0688662467717867,1.5074283476311774
Safra Catz & Mark Hurd,2017,ORCL,Oracle Corporation,0.0009493898713239044,1.249368751296989,1.3086764943089406,1.249368751296989,1.5074283476311774
Safra Catz & Mark Hurd,2018,ORCL,Oracle Corporation,1.0368372702561241e-05,0.970303938389653,1.2698139565059303,0.970303938389653,1.5074283476311774
Safra Catz & Mark Hurd,2019,ORCL,Oracle Corporation,0.0007610759752256071,1.1871253579375314,1.5074283476311774,1.1871253579375314,1.5074283476311774
Samuel J. Palmisano,2010,IBM,International Business Machines Corporation,0.0005467574998974348,1.129240754624701,1.129240754624701,1.129240754624701,1.438787604203283
Samuel J. Palmisano,2011,IBM,International Business Machines Corporation,0.0010609101060302397,1.2741194455751446,1.438787604203283,1.2741194455751446,1.438787604203283
Sanjay Mehrotra,2017,MU,"Micron Technology, Inc.",0.0027579935413942673,1.8759125486589332,1.8759125486589332,1.8759125486589332,2.427463541512044
Sanjay Mehrotra,2018,MU,"Micron Technology, Inc.",-0.0005490636982593966,0.7716440158842175,1.447536692494777,0.7716440158842175,2.427463541512044
Sanjay Mehrotra,2019,MU,"Micron Technology, Inc.",0.0024441301728448865,1.6769616646666177,2.427463541512044,1.6769616646666177,2.427463541512044
Sasan Goodarzi,2019,INTU,Intuit Inc.,0.0012998972408446174,1.3457945815555328,1.3457945815555328,1.3457945815555328,1.3457945815555328
Satya Nadella,2014,MSFT,Microsoft Corporation,0.0010379101679494087,1.2756461154355172,1.2756461154355172,1.2756461154355172,4.820740340353567
Satya Nadella,2015,MSFT,Microsoft Corporation,0.0009677584319443901,1.226919001535931,1.565114458263333,1.226919001535931,4.820740340353567
Satya Nadella,2016,MSFT,Microsoft Corporation,0.0006593522145232244,1.1507775511260185,1.8010985835122042,1.1507775511260185,4.820740340353567
Satya Nadella,2017,MSFT,Microsoft Corporation,0.00140522259231209,1.4073058300093855,2.5346965369983696,1.4073058300093855,4.820740340353567
Satya Nadella,2018,MSFT,Microsoft Corporation,0.0009106529651904266,1.20795324531952,3.061794907767335,1.20795324531952,4.820740340353567
Satya Nadella,2019,MSFT,Microsoft Corporation,0.001888114250363496,1.5744817943631824,4.820740340353567,1.5744817943631824,4.820740340353567
Scott A. McGregor,2010,AVGO,Broadcom Inc.,0.0018977512551198888,1.5103674329131327,1.5103674329131327,1.5103674329131327,8.351918123752897
Scott A. McGregor,2011,AVGO,Broadcom Inc.,0.0004952259832871263,1.028527933445851,1.5534550945180612,1.028527933445851,8.351918123752897
Scott A. McGregor,2012,AVGO,Broadcom Inc.,0.0006650713778526285,1.1159229994858777,1.7335362686412121,1.1159229994858777,8.351918123752897
Scott A. McGregor,2013,AVGO,Broadcom Inc.,0.002302878406222644,1.707438608114097,2.9599067536440584,1.707438608114097,8.351918123752897
Scott A. McGregor,2014,AVGO,Broadcom Inc.,0.002818528409121805,1.9321691291378822,5.719040454517762,1.9321691291378822,8.351918123752897
Scott A. McGregor,2015,AVGO,Broadcom Inc.,0.0018232870044574182,1.4603705272193492,8.351918123752897,1.4603705272193492,8.351918123752897
Sehat Sutardja,2010,MRVL,"Marvell Technology, Inc.",-0.00019919301993665515,0.8820730772443168,0.8820730772443168,0.8820730772443168,0.4526078914231091
Sehat Sutardja,2011,MRVL,"Marvell Technology, Inc.",-0.0008183751115922319,0.746630802379688,0.6585829294204453,0.746630802379688,0.4526078914231091
Sehat Sutardja,2012,MRVL,"Marvell Technology, Inc.",-0.002215568647096281,0.5336461672068159,0.3514502560730576,0.5336461672068159,0.4526078914231091
Sehat Sutardja,2013,MRVL,"Marvell Technology, Inc.",0.0029689382218924232,2.0213157344826533,0.7103919324884295,2.0213157344826533,0.4526078914231091
Sehat Sutardja,2014,MRVL,"Marvell Technology, Inc.",0.0002384572452676749,1.0247550829370582,0.7279777436949968,1.0247550829370582,0.4526078914231091
Sehat Sutardja,2015,MRVL,"Marvell Technology, Inc.",-0.0015792902519142342,0.621733144101092,0.4526078914231091,0.621733144101092,0.4526078914231091
Shantanu Narayen,2010,ADBE,Adobe Inc.,-0.00044872448045153046,0.829873296306739,0.829873296306739,0.829873296306739,8.852520759965024
Shantanu Narayen,2011,ADBE,Adobe Inc.,-0.00011268573465413552,0.9184535356436542,0.7622000631291769,0.9184535356436542,8.852520759965024
Shantanu Narayen,2012,ADBE,Adobe Inc.,0.0012582834722079449,1.3328616800509432,1.0159072566772898,1.3328616800509432,8.852520759965024
Shantanu Narayen,2013,ADBE,Adobe Inc.,0.0019615938530606787,1.5891719899983667,1.6144513567476306,1.5891719899983667,8.852520759965024
Shantanu Narayen,2014,ADBE,Adobe Inc.,0.0008999163751116571,1.2140947837583336,1.9600969708588614,1.2140947837583336,8.852520759965024
Shantanu Narayen,2015,ADBE,Adobe Inc.,0.0011268050248312439,1.2921596476583843,2.532758211241249,1.2921596476583843,8.852520759965024
Shantanu Narayen,2016,ADBE,Adobe Inc.,0.0004844384437293255,1.0959122234689724,2.7756806827906977,1.0959122234689724,8.852520759965024
Shantanu Narayen,2017,ADBE,Adobe Inc.,0.002213310279231818,1.7021856307704943,4.724723773853562,1.7021856307704943,8.852520759965024
Shantanu Narayen,2018,ADBE,Adobe Inc.,0.0012667491831345075,1.2910294362093562,6.099757470003102,1.2910294362093562,8.852520759965024
Shantanu Narayen,2019,ADBE,Adobe Inc.,0.0015975160554229264,1.4512906133562296,8.852520759965024,1.4512906133562296,8.852520759965024
Stephen G. Newberry,2010,LRCX,Lam Research Corporation,0.0013140421400533965,1.2983953700103072,1.2983953700103072,1.2983953700103072,0.9282848599162968
Stephen G. Newberry,2011,LRCX,Lam Research Corporation,-0.0010195614597985532,0.7149477588701874,0.9282848599162968,0.7149477588701874,0.9282848599162968
Stephen J. Luczo,2010,STX,Seagate Technology Holdings PLC,-0.0004020662213785761,0.7956592197394615,0.7956592197394615,0.7956592197394615,3.1128680059463014
Stephen J. Luczo,2011,STX,Seagate Technology Holdings PLC,0.0010460090905379245,1.1300299894479773,0.8991187796863687,1.1300299894479773,3.1128680059463014
Stephen J. Luczo,2012,STX,Seagate Technology Holdings PLC,0.0030837714570020997,1.9535625872785638,1.7564848095148458,1.9535625872785638,3.1128680059463014
Stephen J. Luczo,2013,STX,Seagate Technology Holdings PLC,0.0027435504352911477,1.8978674113474816,3.333575278505114,1.8978674113474816,3.1128680059463014
Stephen J. Luczo,2014,STX,Seagate Technology Holdings PLC,0.0009461641873660003,1.2245048704830546,4.081979164651412,1.2245048704830546,3.1128680059463014
Stephen J. Luczo,2015,STX,Seagate Technology Holdings PLC,-0.0019203717889894718,0.576352724731368,2.352659813843517,0.576352724731368,3.1128680059463014
Stephen J. Luczo,2016,STX,Seagate Technology Holdings PLC,0.0011199596533632843,1.1340807549203213,2.668106217754358,1.1340807549203213,3.1128680059463014
Stephen J. Luczo,2017,STX,Seagate Technology Holdings PLC,0.000928697431328429,1.1666956829650827,3.1128680059463014,1.1666956829650827,3.1128680059463014
Stephen Milligan,2012,WDC,Western Digital Corporation,0.001669533807447761,1.3906807312066745,1.3906807312066745,1.3906807312066745,2.458621016334491
Stephen Milligan,2013,WDC,Western Digital Corporation,0.0029340880941037093,2.0082572104273835,2.7928446058482272,2.0082572104273835,2.458621016334491
Stephen Milligan,2014,WDC,Western Digital Corporation,0.0012694615011804957,1.3399470929383854,3.742264010634984,1.3399470929383854,2.458621016334491
Stephen Milligan,2015,WDC,Western Digital Corporation,-0.002084030388583065,0.5573443368142681,2.085729653191258,0.5573443368142681,2.458621016334491
Stephen Milligan,2016,WDC,Western Digital Corporation,0.0011200159861587157,1.174777012102343,2.4502672500292855,1.174777012102343,2.458621016334491
Stephen Milligan,2017,WDC,Western Digital Corporation,0.0009029598879702668,1.1982873451321834,2.93612423790193,1.1982873451321834,2.458621016334491
Stephen Milligan,2018,WDC,Western Digital Corporation,-0.0025882557674006624,0.48097096670064854,1.4121905130568972,0.48097096670064854,2.458621016334491
Stephen Milligan,2019,WDC,Western Digital Corporation,0.0026791800948984105,1.7409981115171496,2.458621016334491,1.7409981115171496,2.458621016334491
Steve Appleton,2010,MU,"Micron Technology, Inc.",-0.0006864438123267146,0.7391705419362061,0.7391705419362061,0.7391705419362061,0.5797236640608213
Steve Appleton,2011,MU,"Micron Technology, Inc.",-0.00010062977506828492,0.7842894584817667,0.5797236640608213,0.7842894584817667,0.5797236640608213
Steve Ballmer,2010,MSFT,Microsoft Corporation,-0.00023442646428799456,0.9205584980716268,0.9205584980716268,0.9205584980716268,1.3419140730332215
Steve Ballmer,2011,MSFT,Microsoft Corporation,-7.456560050679066e-05,0.954843301857368,0.8789891158515729,0.954843301857368,1.3419140730332215
Steve Ballmer,2012,MSFT,Microsoft Corporation,0.000310444666711994,1.0579888949909995,0.9299607233889216,1.0579888949909995,1.3419140730332215
Steve Ballmer,2013,MSFT,Microsoft Corporation,0.001580498883448135,1.4429792993225314,1.3419140730332215,1.4429792993225314,1.3419140730332215
Steve Jobs,2010,AAPL,Apple Inc.,0.0017770944131060532,1.5072189187691252,1.5072189187691252,1.5072189187691252,1.5072189187691252
Steve Mollenkopf,2014,QCOM,Qualcomm Incorporated,0.0001696962056425458,1.022567067147093,1.022567067147093,1.022567067147093,1.4560167710694798
Steve Mollenkopf,2015,QCOM,Qualcomm Incorporated,-0.0012511389466342252,0.6936722257662836,0.7093263734632246,0.6936722257662836,1.4560167710694798
Steve Mollenkopf,2016,QCOM,Qualcomm Incorporated,0.0013499024630180187,1.3509066471018172,0.9582337128760956,1.3509066471018172,1.4560167710694798
Steve Mollenkopf,2017,QCOM,Qualcomm Incorporated,0.00022836847585499533,1.020464142925791,0.9778431445327017,1.020464142925791,1.4560167710694798
Steve Mollenkopf,2018,QCOM,Qualcomm Incorporated,-0.000137638285038155,0.9241122219281306,0.9036368009913052,0.9241122219281306,1.4560167710694798
Steve Mollenkopf,2019,QCOM,Qualcomm Incorporated,0.0022026928728959357,1.6112853853143252,1.4560167710694798,1.6112853853143252,1.4560167710694798
Steve Sanghi,2010,MCHP,Microchip Technology Incorporated,0.0009824802385898857,1.2407069578664232,1.2407069578664232,1.2407069578664232,4.882446338937648
Steve Sanghi,2011,MCHP,Microchip Technology Incorporated,0.0005740255354314289,1.1021985609282379,1.3675054234940225,1.1021985609282379,4.882446338937648
Steve Sanghi,2012,MCHP,Microchip Technology Incorporated,-0.00021507114924825465,0.9284162016057079,1.2696141909555267,0.9284162016057079,4.882446338937648
Steve Sanghi,2013,MCHP,Microchip Technology Incorporated,0.0014899087605408155,1.4237422106672095,1.8076033149254824,1.4237422106672095,4.882446338937648
Steve Sanghi,2014,MCHP,Microchip Technology Incorporated,0.00026708243543665286,1.0400690554733845,1.8800322724251028,1.0400690554733845,4.882446338937648
Steve Sanghi,2015,MCHP,Microchip Technology Incorporated,0.00037639117696679897,1.0633693643478965,1.9991687224822146,1.0633693643478965,4.882446338937648
Steve Sanghi,2016,MCHP,Microchip Technology Incorporated,0.0015099075856914194,1.4166255979343738,2.832073586858066,1.4166255979343738,4.882446338937648
Steve Sanghi,2017,MCHP,Microchip Technology Incorporated,0.0014173120154418648,1.3946578470825355,3.9497736514267925,1.3946578470825355,4.882446338937648
Steve Sanghi,2018,MCHP,Microchip Technology Incorporated,-0.0004734801293582112,0.8329322517627902,3.289893861436253,0.8329322517627902,4.882446338937648
Steve Sanghi,2019,MCHP,Microchip Technology Incorporated,0.0017933009557653955,1.4840741204964418,4.882446338937648,1.4840741204964418,4.882446338937648
Steven W. Berglund,2010,TRMB,Trimble Inc.,0.0019346651037721026,1.5567251812483183,1.5567251812483183,1.5567251812483183,3.2499026062413736
Steven W. Berglund,2011,TRMB,Trimble Inc.,0.0007325799203211869,1.0869021085445203,1.6920078819231474,1.0869021085445203,3.2499026062413736
Steven W. Berglund,2012,TRMB,Trimble Inc.,0.0014632408057622434,1.377419278283913,2.330604275569278,1.377419278283913,3.2499026062413736
Steven W. Berglund,2013,TRMB,Trimble Inc.,0.0007732045736549353,1.1609234349786186,2.7056531211697465,1.1609234349786186,3.2499026062413736
Steven W. Berglund,2014,TRMB,Trimble Inc.,-0.0008747321678767502,0.7648415081267883,2.0693958136634243,0.7648415081267883,3.2499026062413736
Steven W. Berglund,2015,TRMB,Trimble Inc.,-0.0005784113361905784,0.8082140174452672,1.6725147042453348,0.8082140174452672,3.2499026062413736
Steven W. Berglund,2016,TRMB,Trimble Inc.,0.0015284220002102999,1.4055943378157039,2.350877198200754,1.4055943378157039,3.2499026062413736
Steven W. Berglund,2017,TRMB,Trimble Inc.,0.0012634819538474688,1.3479270283197968,3.1688109157155036,1.3479270283197968,3.2499026062413736
Steven W. Berglund,2018,TRMB,Trimble Inc.,-0.0006338821380492298,0.8097933154938661,2.5660818976104105,0.8097933154938661,3.2499026062413736
Steven W. Berglund,2019,TRMB,Trimble Inc.,0.0010741201480678833,1.2664843664061378,3.2499026062413736,1.2664843664061378,3.2499026062413736
Thomas E. Richards,2013,CDW,CDW Corporation,0.0020287198046555145,1.2742365276728183,1.2742365276728183,1.2742365276728183,2.913861827172922
Thomas E. Richards,2014,CDW,CDW Corporation,0.001751759411128709,1.5154832736902677,1.9310841444133215,1.5154832736902677,2.913861827172922
Thomas E. Richards,2015,CDW,CDW Corporation,0.0008442994965044455,1.2047144359826216,2.32640494587188,1.2047144359826216,2.913861827172922
Thomas E. Richards,2016,CDW,CDW Corporation,0.0010056705899151956,1.2525170359285318,2.913861827172922,1.2525170359285318,2.913861827172922
Thomas Seifert (interim),2011,AMD,"Advanced Micro Devices, Inc.",-0.0010382274794889371,0.6601466862966561,0.6601466862966561,0.6601466862966561,0.6601466862966561
Tim Archer,2019,LRCX,Lam Research Corporation,0.0034045208723660616,2.1943852129588706,2.1943852129588706,2.1943852129588706,2.1943852129588706
Tim Cook,2011,AAPL,Apple Inc.,0.0010397964197530888,1.255580806813677,1.255580806813677,1.255580806813677,7.270873355613515
Tim Cook,2012,AAPL,Apple Inc.,0.0012986932479849206,1.3256686329736742,1.664484091756671,1.3256686329736742,7.270873355613515
Tim Cook,2013,AAPL,Apple Inc.,0.0004717303229241561,1.0806953607985474,1.7988002360844169,1.0806953607985474,7.270873355613515
Tim Cook,2014,AAPL,Apple Inc.,0.0014465044108358624,1.406224964681327,2.5295177984565704,1.406224964681327,7.270873355613515
Tim Cook,2015,AAPL,Apple Inc.,1.9917871796918855e-05,0.9698629673585047,2.4532856379972436,0.9698629673585047,7.270873355613515
Tim Cook,2016,AAPL,Apple Inc.,0.0005746624574461939,1.1248039135712833,2.7594652867275165,1.1248039135712833,7.270873355613515
Tim Cook,2017,AAPL,Apple Inc.,0.0016365645800862142,1.4846437909963095,4.0968230044098535,1.4846437909963095,7.270873355613515
Tim Cook,2018,AAPL,Apple Inc.,-5.72627987889873e-05,0.9460978762134526,3.8759955436945797,0.9460978762134526,7.270873355613515
Tim Cook,2019,AAPL,Apple Inc.,0.0026461028649686067,1.875872475509339,7.270873355613515,1.875872475509339,7.270873355613515
Tom Georgens,2010,NTAP,"NetApp, Inc.",0.0021868364124494858,1.6074879340639006,1.6074879340639006,1.6074879340639006,0.8111476631919411
Tom Georgens,2011,NTAP,"NetApp, Inc.",-0.001314569461724721,0.6599345527977343,1.0608368308942158,0.6599345527977343,0.8111476631919411
Tom Georgens,2012,NTAP,"NetApp, Inc.",-5.694250847498683e-05,0.9250065977484173,0.9812810677116711,0.9250065977484173,0.8111476631919411
Tom Georgens,2013,NTAP,"NetApp, Inc.",0.0009275106987257809,1.2356049472567254,1.2124757419139036,1.2356049472567254,0.8111476631919411
Tom Georgens,2014,NTAP,"NetApp, Inc.",0.00020902931523346138,1.0242730203775645,1.2419061903046817,1.0242730203775645,0.8111476631919411
Tom Georgens,2015,NTAP,"NetApp, Inc.",-0.0015465977064804506,0.6531472904510924,0.8111476631919411,0.6531472904510924,0.8111476631919411
Tom Leighton,2013,AKAM,"Akamai Technologies, Inc.",0.0008045799994201882,1.1532632725776044,1.1532632725776044,1.1532632725776044,2.0992421797540213
Tom Leighton,2014,AKAM,"Akamai Technologies, Inc.",0.0013493946233474761,1.3344637277920002,1.5389880058495118,1.3344637277920002,2.0992421797540213
Tom Leighton,2015,AKAM,"Akamai Technologies, Inc.",-0.0005325183741325894,0.83592760218281,1.2864825535178874,0.83592760218281,2.0992421797540213
Tom Leighton,2016,AKAM,"Akamai Technologies, Inc.",0.001264584197154531,1.2669579888261189,1.629919348664912,1.2669579888261189,2.0992421797540213
Tom Leighton,2017,AKAM,"Akamai Technologies, Inc.",0.00012920194125061728,0.9754049282822048,1.589831365390278,0.9754049282822048,2.0992421797540213
Tom Leighton,2018,AKAM,"Akamai Technologies, Inc.",-4.824664207409389e-05,0.9391144060773335,1.4930335384716067,0.9391144060773335,2.0992421797540213
Tom Leighton,2019,AKAM,"Akamai Technologies, Inc.",0.0014544861312078803,1.4060247982794651,2.0992421797540213,1.4060247982794651,2.0992421797540213
Vincent Roche,2013,ADI,"Analog Devices, Inc.",0.0009469298940867361,1.2469745227702849,1.2469745227702849,1.2469745227702849,3.366034396867851
Vincent Roche,2014,ADI,"Analog Devices, Inc.",0.0005423292477526558,1.1214972707554263,1.398478523988426,1.1214972707554263,3.366034396867851
Vincent Roche,2015,ADI,"Analog Devices, Inc.",0.0002942064833070281,1.0238586181617169,1.431844289099628,1.0238586181617169,3.366034396867851
Vincent Roche,2016,ADI,"Analog Devices, Inc.",0.0013005660943161224,1.3495851217412453,1.9323957492190311,1.3495851217412453,3.366034396867851
Vincent Roche,2017,ADI,"Analog Devices, Inc.",0.0009799273211166222,1.2530131111821323,2.4213172097640694,1.2530131111821323,3.366034396867851
Vincent Roche,2018,ADI,"Analog Devices, Inc.",8.311423886862774e-05,0.9836085818799926,2.3816283869776593,0.9836085818799926,3.366034396867851
Vincent Roche,2019,ADI,"Analog Devices, Inc.",0.0015447514562138926,1.4133331695543936,3.366034396867851,1.4133331695543936,3.366034396867851
Virginia Rometty,2012,IBM,International Business Machines Corporation,0.00028180203324263477,1.0592489794706754,1.0592489794706754,1.0592489794706754,0.9353922320594837
Virginia Rometty,2013,IBM,International Business Machines Corporation,6.292406395778343e-05,0.9982240143265773,1.0573677684585485,0.9982240143265773,0.9353922320594837
Virginia Rometty,2014,IBM,International Business Machines Corporation,-0.00046587154327786006,0.8761289962994102,0.926390561698935,0.8761289962994102,0.9353922320594837
Virginia Rometty,2015,IBM,International Business Machines Corporation,-0.0003920920927461824,0.8857762637319476,0.8205747704982236,0.8857762637319476,0.9353922320594837
Virginia Rometty,2016,IBM,International Business Machines Corporation,0.0009701307089495066,1.2521082823347618,1.027448466415772,1.2521082823347618,0.9353922320594837
Virginia Rometty,2017,IBM,International Business Machines Corporation,-0.00011405851621547972,0.960121725592122,0.9864755945320902,0.960121725592122,0.9353922320594837
Virginia Rometty,2018,IBM,International Business Machines Corporation,-0.000896858628644535,0.7744201514420436,0.7639465793114222,0.7744201514420436,0.9353922320594837
Virginia Rometty,2019,IBM,International Business Machines Corporation,0.0008904685712639197,1.2244209966914088,0.9353922320594837,1.2244209966914088,0.9353922320594837
Walt Havenstein,2010,SAIC,Science Applications International Corporation,,,,1.0,1.0
Walt Havenstein,2011,SAIC,Science Applications International Corporation,,,,1.0,1.0
Walt Havenstein,2012,SAIC,Science Applications International Corporation,,,,1.0,1.0
Wendell P. Weeks,2010,GLW,Corning Incorporated,0.00020138383938788685,0.999338910741242,0.999338910741242,0.999338910741242,1.8459805679693309
Wendell P. Weeks,2011,GLW,Corning Incorporated,-0.0011825702134832545,0.6807897034723609,0.6803396407119222,0.6807897034723609,1.8459805679693309
Wendell P. Weeks,2012,GLW,Corning Incorporated,0.0001597580488365442,0.9977103071965802,0.6787818719327017,0.9977103071965802,1.8459805679693309
Wendell P. Weeks,2013,GLW,Corning Incorporated,0.001604192993410119,1.4503001748617141,0.9844374675569583,1.4503001748617141,1.8459805679693309
Wendell P. Weeks,2014,GLW,Corning Incorporated,0.0011736395932697404,1.3121281138623855,1.2917080775209753,1.3121281138623855,1.8459805679693309
Wendell P. Weeks,2015,GLW,Corning Incorporated,-0.0006790682676874216,0.8167630646645067,1.0550194480479298,0.8167630646645067,1.8459805679693309
Wendell P. Weeks,2016,GLW,Corning Incorporated,0.0013290380175223617,1.3623243896374855,1.4372787256175725,1.3623243896374855,1.8459805679693309
Wendell P. Weeks,2017,GLW,Corning Incorporated,0.0012512396088505437,1.346331122491814,1.93505307999431,1.346331122491814,1.8459805679693309
Wendell P. Weeks,2018,GLW,Corning Incorporated,2.3648967091951955e-05,0.9671602093068581,1.871506341867179,0.9671602093068581,1.8459805679693309
Wendell P. Weeks,2019,GLW,Corning Incorporated,0.00010292262339998478,0.9863608402884811,1.8459805679693309,0.9863608402884811,1.8459805679693309
Zvi Lando,2019,SEDG,"SolarEdge Technologies, Inc.",0.004465475456900339,2.67806279448432,2.67806279448432,2.67806279448432,2.67806279448432
